Player,Team,Year,Mat,Inns,NO,Runs,HS,O/NO,Ave,BF,SR,100,50,0,4s,6s
A Badoni ,LSG,2022,13,11,3,161,54,out,20.12,130,123.84,0,1,1,11,7
A Badoni ,LSG,2023,15,12,2,238,59,not out,23.8,172,138.37,0,1,0,13,12
A Badoni ,LSG,2024,14,12,4,235,55,not out,29.37,171,137.42,0,2,1,22,5
A Badoni ,LSG,2025,11,10,1,326,74,out,36.22,217,150.23,0,2,0,27,14
A Kamboj ,CSK,2025,6,4,2,9,4,not out,4.5,9,100,0,0,1,1,0
A Madhwal ,MI,2024,5,1,1,4,4,not out,0,5,80,0,0,0,0,0
A Madhwal ,RR,2025,2,1,1,4,4,not out,0,9,44.44,0,0,0,0,0
A Manohar ,GT,2022,8,7,1,108,43,out,18,75,144,0,0,1,14,3
A Manohar ,GT,2023,9,6,0,114,42,out,19,83,137.34,0,0,0,6,7
A Manohar ,GT,2024,2,2,0,9,8,out,4.5,16,56.25,0,0,0,1,0
A Manohar ,SRH,2025,6,4,0,49,43,out,12.25,50,98,0,0,1,2,3
A Mhatre ,CSK,2025,5,5,0,163,94,out,32.6,90,181.11,0,1,1,20,7
A Mishra ,LSG,2023,7,1,0,19,19,out,19,30,63.33,0,0,0,2,0
A Nortje ,DC,2020,16,5,4,7,3,not out,7,6,116.66,0,0,0,0,0
A Nortje ,DC,2023,10,7,4,37,23,not out,12.33,29,127.58,0,0,1,6,0
A Nortje ,DC,2024,6,2,0,4,4,out,2,8,50,0,0,1,0,0
A Nortje ,KKR,2025,1,1,1,0,0,not out,0,0,0,0,0,0,0,0
A Raghuvanshi ,KKR,2024,10,7,0,163,54,out,23.28,105,155.23,0,1,0,16,8
A Raghuvanshi ,KKR,2025,11,10,2,286,50,out,35.75,197,145.17,0,1,0,29,8
A Taide ,PBKS,2023,7,7,0,186,66,out,26.57,129,144.18,0,2,1,20,6
A Taide ,PBKS,2024,2,2,0,61,46,out,30.5,39,156.41,0,0,0,7,2
A Tomar ,KKR,2022,1,1,0,4,4,out,4,8,50,0,0,0,1,0
A Zampa ,RR,2023,6,3,0,10,7,out,3.33,16,62.5,0,0,0,0,0
AA Kulkarni ,LSG,2024,2,2,0,9,9,out,4.5,8,112.5,0,0,1,2,0
AB de Villiers ,RCB,2020,15,14,4,454,73,not out,45.4,286,158.74,0,5,1,33,23
AB de Villiers ,RCB,2021,15,14,4,313,76,not out,31.3,211,148.34,0,2,1,23,16
Abdul Samad ,LSG,2025,10,10,3,160,45,out,22.85,86,186.04,0,0,0,8,14
Abdul Samad ,SRH,2020,12,8,3,111,33,out,22.2,65,170.76,0,0,0,8,6
Abdul Samad ,SRH,2021,11,10,1,111,28,out,12.33,87,127.58,0,0,1,4,8
Abdul Samad ,SRH,2022,2,2,0,4,4,out,2,7,57.14,0,0,1,0,0
Abdul Samad ,SRH,2023,9,8,4,169,37,not out,42.25,128,132.03,0,0,0,10,11
Abdul Samad ,SRH,2024,16,12,2,182,37,not out,18.2,108,168.51,0,0,1,15,11
Abhishek Sharma ,SRH,2020,8,7,2,71,31,out,14.2,56,126.78,0,0,0,6,3
Abhishek Sharma ,SRH,2021,8,7,1,98,33,out,16.33,75,130.66,0,0,0,7,4
Abhishek Sharma ,SRH,2022,14,14,0,426,75,out,30.42,320,133.12,0,2,1,47,13
Abhishek Sharma ,SRH,2023,11,11,0,226,67,out,20.54,157,143.94,0,2,1,28,6
Abhishek Sharma ,SRH,2024,16,16,1,484,75,not out,32.26,237,204.21,0,3,0,36,42
Abhishek Sharma ,SRH,2025,11,10,0,314,141,out,31.4,174,180.45,1,1,1,35,17
Abishek Porel ,DC,2023,4,4,0,33,20,out,8.25,31,106.45,0,0,0,1,2
Abishek Porel ,DC,2024,14,12,2,327,65,out,32.7,205,159.51,0,2,1,36,13
Abishek Porel ,DC,2025,12,11,1,265,51,out,26.5,177,149.71,0,1,1,27,9
AD Russell ,KKR,2020,10,9,0,117,25,out,13,81,144.44,0,0,0,9,9
AD Russell ,KKR,2021,10,9,2,183,54,out,26.14,120,152.5,0,1,0,14,14
AD Russell ,KKR,2022,14,12,3,335,70,not out,37.22,192,174.47,0,1,2,18,32
AD Russell ,KKR,2023,14,14,3,227,42,out,20.63,156,145.51,0,0,1,13,18
AD Russell ,KKR,2024,15,9,2,222,64,not out,31.71,120,185,0,1,0,20,16
AD Russell ,KKR,2025,12,9,1,167,57,not out,20.87,101,165.34,0,1,0,16,14
AF Milne ,MI,2021,4,3,1,16,15,out,8,17,94.11,0,0,1,0,1
AJ Finch ,KKR,2022,5,5,0,86,58,out,17.2,61,140.98,0,1,0,10,3
AJ Finch ,RCB,2020,12,12,0,268,52,out,22.33,241,111.2,0,1,0,28,8
AJ Hosein ,SRH,2023,1,1,1,16,16,not out,0,10,160,0,0,0,1,1
AJ Turner ,LSG,2024,2,2,0,21,16,out,10.5,18,116.66,0,0,0,0,2
AJ Tye ,RR,2020,1,1,0,6,6,out,6,6,100,0,0,0,0,1
AK Markram ,LSG,2025,11,11,0,348,66,out,31.63,237,146.83,0,4,0,31,16
AK Markram ,PBKS,2021,6,6,1,146,42,out,29.2,119,122.68,0,0,0,12,4
AK Markram ,SRH,2022,14,12,4,381,68,not out,47.62,274,139.05,0,3,0,25,19
AK Markram ,SRH,2023,13,13,2,248,50,out,22.54,197,125.88,0,1,1,18,8
AK Markram ,SRH,2024,11,11,2,220,50,out,24.44,177,124.29,0,1,1,18,4
Akash Deep ,LSG,2025,4,1,0,0,0,out,0,1,0,0,0,1,0,0
Akash Deep ,RCB,2023,2,1,0,17,17,out,17,8,212.5,0,0,0,2,1
AM Rahane ,CSK,2023,14,11,1,326,71,not out,32.6,189,172.48,0,2,0,24,16
AM Rahane ,CSK,2024,13,12,0,242,45,out,20.16,196,123.46,0,0,0,23,7
AM Rahane ,DC,2020,9,8,0,113,60,out,14.12,107,105.6,0,1,2,12,2
AM Rahane ,DC,2021,2,1,0,8,8,out,8,8,100,0,0,0,1,0
AM Rahane ,KKR,2022,7,7,0,133,44,out,19,128,103.9,0,0,0,14,4
AM Rahane ,KKR,2025,12,11,1,375,61,out,37.5,256,146.48,0,3,0,33,20
Aman Hakim Khan ,DC,2023,11,9,1,110,51,out,13.75,101,108.91,0,1,1,7,6
Aman Hakim Khan ,KKR,2022,1,1,0,5,5,out,5,3,166.66,0,0,0,1,0
Anmolpreet Singh ,MI,2021,1,1,0,16,16,out,16,14,114.28,0,0,0,2,1
Anmolpreet Singh ,MI,2022,2,2,0,13,8,out,6.5,13,100,0,0,0,1,0
Anmolpreet Singh ,SRH,2023,4,4,0,105,36,out,26.25,82,128.04,0,0,0,15,2
Anmolpreet Singh ,SRH,2024,2,2,0,5,5,out,2.5,6,83.33,0,0,1,1,0
Anuj Rawat ,RCB,2022,8,8,0,129,66,out,16.12,118,109.32,0,1,3,10,7
Anuj Rawat ,RCB,2023,9,7,4,91,29,not out,30.33,71,128.16,0,0,0,6,4
Anuj Rawat ,RCB,2024,5,5,1,98,48,out,24.5,77,127.27,0,0,0,10,3
Anuj Rawat ,RR,2021,2,1,0,0,0,out,0,1,0,0,0,1,0,0
AR Patel ,DC,2020,15,9,1,117,42,out,14.62,85,137.64,0,0,0,6,8
AR Patel ,DC,2021,12,6,1,40,12,out,8,46,86.95,0,0,1,2,1
AR Patel ,DC,2022,13,10,6,182,42,not out,45.5,120,151.66,0,0,0,12,10
AR Patel ,DC,2023,14,13,3,283,54,out,28.3,203,139.4,0,1,0,21,15
AR Patel ,DC,2024,14,12,4,235,66,out,29.37,179,131.28,0,2,1,19,10
AR Patel ,DC,2025,12,10,1,238,43,out,26.44,151,157.61,0,0,0,21,14
AR Sharma ,DC,2025,10,8,2,186,66,not out,31,111,167.56,0,1,0,13,12
AR Sharma ,PBKS,2024,11,9,2,189,61,out,27,113,167.25,0,1,0,10,15
Arshad Khan ,GT,2025,6,3,3,2,1,not out,0,2,100,0,0,0,0,0
Arshad Khan ,LSG,2024,4,4,2,83,58,not out,41.5,54,153.7,0,1,1,6,5
Arshad Khan ,MI,2023,6,3,1,18,15,not out,9,15,120,0,0,0,0,1
Arshdeep Singh ,PBKS,2020,8,1,0,0,0,out,0,3,0,0,0,1,0,0
Arshdeep Singh ,PBKS,2021,12,2,2,2,1,not out,0,3,66.66,0,0,0,0,0
Arshdeep Singh ,PBKS,2022,14,6,3,21,10,not out,7,29,72.41,0,0,2,3,0
Arshdeep Singh ,PBKS,2024,14,1,0,4,4,out,4,3,133.33,0,0,0,1,0
Arshdeep Singh ,PBKS,2025,12,2,1,2,1,not out,2,6,33.33,0,0,0,0,0
AS Joseph ,GT,2022,9,3,2,5,4,not out,5,7,71.42,0,0,1,0,0
AS Joseph ,GT,2023,7,2,2,7,7,not out,0,12,58.33,0,0,0,1,0
AS Rajpoot ,RR,2020,6,2,1,9,7,not out,9,10,90,0,0,0,0,1
AS Roy ,KKR,2023,4,4,2,23,13,not out,11.5,19,121.05,0,0,1,3,0
AS Roy ,KKR,2024,4,1,1,3,3,not out,0,3,100,0,0,0,0,0
AS Roy ,KKR,2025,1,1,0,0,0,out,0,1,0,0,0,1,0,0
AS Tendulkar ,MI,2023,4,1,0,13,13,out,13,9,144.44,0,0,0,0,1
AT Carey ,DC,2020,3,3,1,32,14,not out,16,29,110.34,0,0,0,0,1
AT Rayudu ,CSK,2020,12,11,2,359,71,out,39.88,282,127.3,0,1,0,30,12
AT Rayudu ,CSK,2021,16,13,4,257,72,not out,28.55,170,151.17,0,2,1,16,17
AT Rayudu ,CSK,2022,13,11,0,274,78,out,24.9,224,122.32,0,1,0,25,15
AT Rayudu ,CSK,2023,16,12,2,158,27,not out,15.8,113,139.82,0,0,1,10,9
AU Rashid ,SRH,2023,2,2,0,22,18,out,11,16,137.5,0,0,0,2,1
AU Verma ,SRH,2025,11,9,1,193,74,out,24.12,125,154.4,0,1,0,9,16
Avesh Khan ,DC,2021,16,1,0,5,5,out,5,3,166.66,0,0,0,1,0
Avesh Khan ,LSG,2022,13,4,3,22,12,out,22,13,169.23,0,0,0,0,3
Avesh Khan ,LSG,2025,10,4,3,21,19,not out,21,12,175,0,0,1,3,1
Avesh Khan ,RR,2024,16,3,3,10,7,not out,0,5,200,0,0,0,1,0
Azmatullah Omarzai ,GT,2024,7,4,0,42,17,out,10.5,33,127.27,0,0,0,2,2
Azmatullah Omarzai ,PBKS,2025,5,1,0,16,16,out,16,15,106.66,0,0,0,2,1
B Indrajith ,KKR,2022,3,3,0,21,15,out,7,30,70,0,0,1,2,0
B Kumar ,RCB,2025,10,4,3,10,8,out,10,21,47.61,0,0,0,1,0
B Kumar ,SRH,2020,4,1,0,0,0,out,0,2,0,0,0,1,0,0
B Kumar ,SRH,2021,11,7,6,34,14,not out,34,30,113.33,0,0,0,3,0
B Kumar ,SRH,2022,14,6,3,24,8,out,8,26,92.3,0,0,0,3,0
B Kumar ,SRH,2023,14,6,3,42,27,out,14,47,89.36,0,0,0,4,0
B Kumar ,SRH,2024,16,5,2,23,13,out,7.66,29,79.31,0,0,1,3,0
B Sai Sudharsan ,GT,2022,5,5,1,145,65,not out,36.25,114,127.19,0,1,0,14,3
B Sai Sudharsan ,GT,2023,8,8,1,362,96,out,51.71,256,141.4,0,3,0,33,12
B Sai Sudharsan ,GT,2024,12,12,1,527,103,out,47.9,373,141.28,1,2,0,48,16
B Sai Sudharsan ,GT,2025,11,11,0,509,82,out,46.27,332,153.31,0,5,0,56,16
BA Stokes ,CSK,2023,2,2,0,15,8,out,7.5,14,107.14,0,0,0,2,0
BA Stokes ,RR,2020,8,8,1,285,107,not out,40.71,200,142.5,1,1,0,36,7
BA Stokes ,RR,2021,1,1,0,0,0,out,0,3,0,0,0,1,0,0
C Bosch ,MI,2025,3,2,0,47,27,out,23.5,32,146.87,0,0,0,3,3
C Green ,MI,2023,16,16,7,452,100,not out,50.22,282,160.28,1,2,0,40,22
C Green ,RCB,2024,13,12,4,255,46,out,31.87,178,143.25,0,0,0,22,10
C Sakariya ,DC,2023,2,2,1,4,4,out,4,6,66.66,0,0,0,1,0
C Sakariya ,RR,2021,14,6,1,16,7,out,3.2,25,64,0,0,1,2,0
CA Lynn ,MI,2021,1,1,0,49,49,out,49,35,140,0,0,0,4,3
CH Gayle ,PBKS,2020,7,7,0,288,99,out,41.14,210,137.14,0,3,0,15,23
CH Gayle ,PBKS,2021,10,10,1,193,46,out,21.44,154,125.32,0,0,1,21,8
CH Morris ,RCB,2020,9,5,1,34,25,not out,8.5,21,161.9,0,0,1,2,3
CH Morris ,RR,2021,11,7,2,67,36,not out,13.4,49,136.73,0,0,2,2,5
CJ Jordan ,CSK,2022,4,2,1,11,6,not out,11,8,137.5,0,0,0,0,0
CJ Jordan ,MI,2023,6,2,0,6,4,out,3,12,50,0,0,0,0,0
CJ Jordan ,PBKS,2020,9,5,2,29,13,out,9.66,31,93.54,0,0,0,2,0
CJ Jordan ,PBKS,2021,4,2,0,32,30,out,16,21,152.38,0,0,0,1,3
CR Woakes ,DC,2021,3,1,1,15,15,not out,0,11,136.36,0,0,0,2,0
CV Varun ,KKR,2020,13,3,1,10,7,not out,5,15,66.66,0,0,0,0,0
CV Varun ,KKR,2021,17,3,2,2,2,not out,2,4,50,0,0,1,0,0
CV Varun ,KKR,2022,11,4,4,12,10,not out,0,18,66.66,0,0,0,2,0
CV Varun ,KKR,2025,12,1,1,1,1,not out,0,1,100,0,0,0,0,0
D Brevis ,CSK,2025,4,4,0,126,52,out,31.5,77,163.63,0,1,1,7,9
D Brevis ,MI,2022,7,7,0,161,49,out,23,113,142.47,0,0,0,14,11
D Brevis ,MI,2024,3,3,0,69,46,out,23,59,116.94,0,0,1,3,5
D Ferreira ,DC,2025,1,1,0,1,1,out,1,3,33.33,0,0,0,0,0
D Ferreira ,RR,2024,2,2,0,8,7,out,4,11,72.72,0,0,0,0,0
D Padikkal ,LSG,2024,7,7,0,38,13,out,5.42,53,71.69,0,0,2,3,0
D Padikkal ,RCB,2020,15,15,0,473,74,out,31.53,379,124.8,0,5,0,51,8
D Padikkal ,RCB,2021,14,14,1,411,101,not out,31.61,328,125.3,1,1,2,44,14
D Padikkal ,RCB,2025,10,10,1,247,61,out,27.44,164,150.6,0,2,1,21,14
D Padikkal ,RR,2022,17,17,0,376,54,out,22.11,306,122.87,0,1,1,40,14
D Padikkal ,RR,2023,11,11,1,261,52,out,26.1,200,130.5,0,2,0,31,6
D Pretorius ,CSK,2022,6,5,1,44,22,out,11,28,157.14,0,0,1,3,3
D Wiese ,KKR,2023,3,3,2,21,12,not out,21,11,190.9,0,0,0,0,3
DA Miller ,GT,2022,16,16,9,481,94,not out,68.71,337,142.72,0,2,0,32,23
DA Miller ,GT,2023,16,13,5,259,46,out,32.37,178,145.5,0,0,1,18,13
DA Miller ,GT,2024,9,9,3,210,55,out,35,139,151.07,0,1,0,20,8
DA Miller ,LSG,2025,11,11,6,153,27,not out,30.6,120,127.5,0,0,0,13,4
DA Miller ,RR,2020,1,1,0,0,0,out,0,0,0,0,0,1,0,0
DA Miller ,RR,2021,9,8,3,124,62,out,24.8,113,109.73,0,1,1,11,3
DA Warner ,DC,2022,12,12,3,432,92,not out,48,287,150.52,0,5,1,52,15
DA Warner ,DC,2023,14,14,0,516,86,out,36.85,392,131.63,0,6,2,69,10
DA Warner ,DC,2024,8,8,0,168,52,out,21,125,134.4,0,1,0,17,10
DA Warner ,SRH,2020,16,16,2,548,85,not out,39.14,407,134.64,0,4,0,52,14
DA Warner ,SRH,2021,8,8,0,195,57,out,24.37,181,107.73,0,2,1,15,6
DC Jurel ,RR,2023,13,11,4,152,34,not out,21.71,88,172.72,0,0,1,11,9
DC Jurel ,RR,2024,15,11,3,195,56,not out,24.37,141,138.29,0,2,1,18,7
DC Jurel ,RR,2025,12,11,3,249,70,out,31.12,170,146.47,0,1,1,17,15
DG Nalkande ,GT,2024,3,1,0,12,12,out,12,11,109.09,0,0,0,0,1
DJ Bravo ,CSK,2020,6,2,0,7,7,out,3.5,6,116.66,0,0,1,0,0
DJ Bravo ,CSK,2021,11,3,2,47,23,out,47,18,261.11,0,0,0,3,4
DJ Bravo ,CSK,2022,10,6,4,23,12,out,11.5,24,95.83,0,0,1,1,1
DJ Hooda ,CSK,2025,6,5,0,31,22,out,6.2,41,75.6,0,0,1,2,1
DJ Hooda ,LSG,2022,15,14,0,451,59,out,32.21,330,136.66,0,4,0,36,18
DJ Hooda ,LSG,2023,12,12,1,84,17,out,7.63,90,93.33,0,0,0,3,2
DJ Hooda ,LSG,2024,11,9,1,145,50,out,18.12,105,138.09,0,1,1,16,3
DJ Hooda ,PBKS,2020,7,5,4,101,62,not out,101,71,142.25,0,1,1,5,5
DJ Hooda ,PBKS,2021,12,11,1,160,64,out,16,123,130.08,0,1,1,9,9
DJ Malan ,PBKS,2021,1,1,0,26,26,out,26,26,100,0,0,0,1,1
DJ Mitchell ,CSK,2024,13,13,2,318,63,out,28.9,223,142.6,0,2,0,27,10
DJ Mitchell ,RR,2022,2,2,0,33,17,out,16.5,44,75,0,0,0,1,0
DJ Willey ,RCB,2022,4,2,0,18,18,out,9,30,60,0,0,1,3,0
DJ Willey ,RCB,2023,4,3,3,35,20,not out,0,32,109.37,0,0,0,4,0
DL Chahar ,CSK,2020,14,3,2,7,5,not out,7,12,58.33,0,0,1,0,0
DL Chahar ,CSK,2021,15,2,2,1,1,not out,0,1,100,0,0,0,0,0
DL Chahar ,MI,2025,12,4,3,37,28,not out,37,25,148,0,0,1,3,2
DP Conway ,CSK,2022,7,7,1,252,87,out,42,173,145.66,0,3,1,22,12
DP Conway ,CSK,2023,16,15,2,672,92,not out,51.69,481,139.7,0,6,1,77,18
DP Conway ,CSK,2025,4,4,0,94,69,out,23.5,76,123.68,0,1,1,9,2
DR Sams ,DC,2020,3,1,0,0,0,out,0,2,0,0,0,1,0,0
DR Sams ,MI,2022,11,10,3,38,15,out,5.42,36,105.55,0,0,2,1,3
DR Sams ,RCB,2021,2,2,1,6,3,not out,6,6,100,0,0,0,0,0
DS Kulkarni ,MI,2020,1,1,1,3,3,not out,0,2,150,0,0,0,0,0
DS Kulkarni ,MI,2021,1,1,1,0,0,not out,0,0,0,0,0,0,0,0
DS Rathi ,LSG,2025,11,2,1,1,1,out,1,3,33.33,0,0,0,0,0
DT Christian ,RCB,2021,9,7,1,14,9,out,2.33,24,58.33,0,0,1,1,0
DW Steyn ,RCB,2020,3,1,1,1,1,not out,0,2,50,0,0,0,0,0
E Lewis ,LSG,2022,6,5,2,73,55,not out,24.33,56,130.35,0,1,0,8,3
E Lewis ,RR,2021,5,5,0,151,58,out,30.2,93,162.36,0,1,0,18,7
EJG Morgan ,KKR,2020,14,14,4,418,68,not out,41.8,302,138.41,0,1,0,32,24
EJG Morgan ,KKR,2021,17,16,4,133,47,not out,11.08,139,95.68,0,0,4,8,6
F du Plessis ,CSK,2020,13,13,2,449,87,not out,40.81,319,140.75,0,4,1,42,14
F du Plessis ,CSK,2021,16,16,2,633,95,not out,45.21,458,138.2,0,6,2,60,23
F du Plessis ,DC,2025,7,6,0,168,62,out,28,131,128.24,0,2,0,15,7
F du Plessis ,RCB,2022,16,16,1,468,96,out,31.2,367,127.52,0,3,2,49,13
F du Plessis ,RCB,2023,14,14,1,730,84,out,56.15,475,153.68,0,8,0,60,36
F du Plessis ,RCB,2024,15,15,0,438,64,out,29.2,271,161.62,0,4,0,47,21
FA Allen ,MI,2022,1,1,0,8,8,out,8,7,114.28,0,0,0,1,0
FA Allen ,PBKS,2021,4,3,2,6,6,out,6,12,50,0,0,0,0,0
Fazalhaq Farooqi ,RR,2025,4,1,1,2,2,not out,0,2,100,0,0,0,0,0
G Coetzee ,GT,2025,2,1,0,12,12,out,12,6,200,0,0,0,1,1
G Coetzee ,MI,2024,10,5,1,14,8,out,3.5,22,63.63,0,0,1,0,1
GD Phillips ,RR,2021,3,3,1,26,14,not out,13,33,78.78,0,0,0,1,2
GD Phillips ,SRH,2023,5,5,0,39,25,out,7.8,22,177.27,0,0,1,2,4
GHS Garton ,RCB,2021,5,3,2,2,2,not out,2,4,50,0,0,1,0,0
GJ Maxwell ,PBKS,2020,13,11,4,108,32,out,15.42,106,101.88,0,0,1,9,0
GJ Maxwell ,PBKS,2025,7,6,0,48,30,out,8,49,97.95,0,0,1,5,1
GJ Maxwell ,RCB,2021,15,14,2,513,78,out,42.75,356,144.1,0,6,1,48,21
GJ Maxwell ,RCB,2022,13,13,2,301,55,out,27.36,178,169.1,0,1,1,31,15
GJ Maxwell ,RCB,2023,14,14,2,400,77,out,33.33,218,183.48,0,5,2,29,31
GJ Maxwell ,RCB,2024,10,9,0,52,28,out,5.77,43,120.93,0,0,4,6,2
Gulbadin Naib ,DC,2024,2,1,0,19,19,out,19,15,126.66,0,0,0,1,1
Gurkeerat Singh ,RCB,2020,8,5,5,71,21,not out,0,80,88.75,0,0,0,8,0
H Klaasen ,SRH,2023,12,11,2,448,104,out,49.77,253,177.07,1,2,0,32,25
H Klaasen ,SRH,2024,16,15,3,479,80,not out,39.91,280,171.07,0,4,0,19,38
H Klaasen ,SRH,2025,11,10,1,311,71,out,34.55,202,153.96,0,1,0,29,13
Harbhajan Singh ,KKR,2021,3,2,2,4,2,not out,0,4,100,0,0,0,0,0
Harpreet Brar ,PBKS,2021,7,5,5,64,25,not out,0,58,110.34,0,0,0,3,2
Harpreet Brar ,PBKS,2022,5,3,0,22,14,out,7.33,25,88,0,0,0,1,2
Harpreet Brar ,PBKS,2023,13,8,2,52,17,not out,8.66,41,126.82,0,0,1,5,2
Harpreet Brar ,PBKS,2024,13,7,5,75,29,out,37.5,54,138.88,0,0,0,8,2
Harpreet Singh ,PBKS,2023,3,3,0,76,41,out,25.33,59,128.81,0,0,0,8,3
Harpreet Singh ,PBKS,2024,2,2,0,27,14,out,13.5,34,79.41,0,0,0,2,0
Harshit Rana ,KKR,2025,12,6,3,23,10,not out,7.66,32,71.87,0,0,0,3,0
HC Brook ,SRH,2023,11,11,2,190,100,not out,21.11,154,123.37,1,0,3,23,4
HE van der Dussen ,RR,2022,3,3,1,22,12,not out,11,24,91.66,0,0,0,2,0
HH Pandya ,GT,2022,15,15,4,487,87,not out,44.27,371,131.26,0,4,0,49,12
HH Pandya ,GT,2023,16,15,4,346,66,out,31.45,253,136.75,0,2,0,26,15
HH Pandya ,MI,2020,14,13,5,281,60,not out,35.12,157,178.98,0,1,1,14,25
HH Pandya ,MI,2021,12,11,2,127,40,not out,14.11,112,113.39,0,0,1,11,5
HH Pandya ,MI,2024,14,13,1,216,46,out,18,151,143.04,0,0,1,17,11
HH Pandya ,MI,2025,11,8,2,158,48,not out,26.33,94,168.08,0,0,0,15,7
HR Shokeen ,MI,2022,5,3,1,43,25,out,21.5,48,89.58,0,0,0,5,0
HR Shokeen ,MI,2023,8,3,2,23,18,not out,23,17,135.29,0,0,0,4,0
HV Patel ,DC,2020,5,2,0,21,16,out,10.5,24,87.5,0,0,0,2,0
HV Patel ,PBKS,2024,14,4,1,13,12,out,4.33,19,68.42,0,0,2,1,1
HV Patel ,RCB,2021,15,8,4,59,31,out,14.75,46,128.26,0,0,1,6,2
HV Patel ,RCB,2022,15,8,3,43,11,out,8.6,39,110.25,0,0,1,4,2
HV Patel ,RCB,2023,14,2,0,6,6,out,3,6,100,0,0,1,0,1
HV Patel ,SRH,2025,10,4,2,21,12,not out,10.5,26,80.76,0,0,0,0,0
I Udana ,RCB,2020,10,4,1,15,10,not out,5,11,136.36,0,0,1,1,1
Imran Tahir ,CSK,2020,3,1,1,13,13,not out,0,10,130,0,0,0,2,0
Ishan Kishan ,MI,2020,14,13,4,516,99,out,57.33,354,145.76,0,4,1,36,30
Ishan Kishan ,MI,2021,10,10,1,241,84,out,26.77,180,133.88,0,2,0,21,10
Ishan Kishan ,MI,2022,14,14,1,418,81,not out,32.15,348,120.11,0,3,1,45,11
Ishan Kishan ,MI,2023,16,15,0,454,75,out,30.26,318,142.76,0,3,0,54,18
Ishan Kishan ,MI,2024,14,14,0,320,69,out,22.85,215,148.83,0,1,2,35,16
Ishan Kishan ,SRH,2025,11,10,2,196,106,not out,24.5,136,144.11,1,0,1,19,7
J Fraser0McGurk ,DC,2024,9,9,0,330,84,out,36.66,141,234.04,0,4,1,32,28
J Fraser0McGurk ,DC,2025,6,6,0,55,38,out,9.16,52,105.76,0,0,2,7,2
J Overton ,CSK,2025,3,2,2,15,11,not out,0,7,214.28,0,0,0,1,1
J Suchith ,SRH,2021,2,1,1,14,14,not out,0,6,233.33,0,0,0,2,1
J Yadav ,MI,2021,5,3,1,34,23,out,17,26,130.76,0,0,0,2,1
JA Richardson ,PBKS,2021,3,2,0,15,15,out,7.5,24,62.5,0,0,1,2,0
JC Archer ,MI,2023,5,2,2,4,3,not out,0,4,100,0,0,0,0,0
JC Archer ,RR,2020,14,10,4,113,27,not out,18.83,63,179.36,0,0,0,5,10
JC Archer ,RR,2025,12,7,1,63,30,out,10.5,50,126,0,0,2,3,4
JC Buttler ,GT,2025,11,11,4,500,97,not out,71.42,305,163.93,0,5,1,49,22
JC Buttler ,RR,2020,13,12,2,328,70,not out,32.8,227,144.49,0,2,0,27,16
JC Buttler ,RR,2021,7,7,0,254,124,out,36.28,166,153.01,1,0,0,27,13
JC Buttler ,RR,2022,17,17,2,863,116,out,57.53,579,149.05,4,4,0,83,45
JC Buttler ,RR,2023,14,14,0,392,95,out,28,282,139,0,4,5,42,14
JC Buttler ,RR,2024,11,11,2,359,107,not out,39.88,255,140.78,2,0,1,36,12
JD Unadkat ,LSG,2023,3,1,0,9,9,out,9,7,128.57,0,0,0,1,0
JD Unadkat ,MI,2022,5,5,2,59,19,not out,19.66,37,159.45,0,0,0,4,3
JD Unadkat ,RR,2020,7,1,0,9,9,out,9,13,69.23,0,0,0,0,0
JD Unadkat ,RR,2021,6,3,1,41,24,out,20.5,29,141.37,0,0,0,3,2
JD Unadkat ,SRH,2024,11,5,2,24,8,not out,8,26,92.3,0,0,0,2,1
JDS Neesham ,MI,2021,3,2,0,0,0,out,0,2,0,0,0,2,0,0
JDS Neesham ,PBKS,2020,5,3,1,19,10,not out,9.5,18,105.55,0,0,0,0,1
JDS Neesham ,RR,2022,2,2,0,31,17,out,15.5,27,114.81,0,0,0,3,0
JE Root ,RR,2023,3,1,0,10,10,out,10,15,66.66,0,0,0,1,0
JG Bethell ,RCB,2025,2,2,0,67,55,out,33.5,39,171.79,0,1,0,9,3
JJ Bumrah ,MI,2020,15,1,1,5,5,not out,0,3,166.66,0,0,0,0,0
JJ Bumrah ,MI,2021,14,7,5,16,5,not out,8,17,94.11,0,0,1,2,0
JJ Bumrah ,MI,2024,13,4,4,12,8,not out,0,12,100,0,0,0,1,0
JJ Bumrah ,MI,2025,8,1,1,0,0,not out,0,1,0,0,0,0,0,0
JJ Roy ,KKR,2023,8,8,0,285,61,out,35.62,188,151.59,0,2,0,36,12
JJ Roy ,SRH,2021,5,5,0,150,60,out,30,121,123.96,0,1,0,21,1
JL Pattinson ,MI,2020,10,2,1,15,11,out,15,13,115.38,0,0,0,2,0
JM Bairstow ,PBKS,2022,11,11,0,253,66,out,23,175,144.57,0,2,0,34,9
JM Bairstow ,PBKS,2024,11,11,1,298,108,not out,29.8,195,152.82,1,0,1,33,14
JM Bairstow ,SRH,2020,11,11,0,345,97,out,31.36,272,126.83,0,3,1,31,13
JM Bairstow ,SRH,2021,7,7,1,248,63,not out,41.33,175,141.71,0,2,0,20,15
JM Sharma ,PBKS,2022,12,10,2,234,44,out,29.25,143,163.63,0,0,0,22,12
JM Sharma ,PBKS,2023,14,14,1,309,49,not out,23.76,198,156.06,0,0,1,22,21
JM Sharma ,PBKS,2024,14,12,1,187,32,not out,17,142,131.69,0,0,1,9,12
JM Sharma ,RCB,2025,11,8,3,128,40,not out,25.6,90,142.22,0,0,0,13,7
JO Holder ,LSG,2022,12,8,2,58,16,out,9.66,44,131.81,0,0,0,2,6
JO Holder ,RR,2023,8,3,1,12,11,out,6,11,109.09,0,0,1,0,1
JO Holder ,SRH,2020,7,4,2,66,26,not out,33,53,124.52,0,0,0,5,3
JO Holder ,SRH,2021,8,7,1,85,47,not out,14.16,72,118.05,0,0,0,2,6
JP Behrendorff ,MI,2023,12,2,2,6,3,not out,0,9,66.66,0,0,0,0,0
JP Inglis ,PBKS,2025,7,6,2,92,30,out,23,66,139.39,0,0,0,8,5
JR Hazlewood ,RCB,2022,12,5,5,18,7,not out,0,26,69.23,0,0,0,1,0
JR Hazlewood ,RCB,2025,10,1,1,0,0,not out,0,1,0,0,0,0,0,0
JR Philippe ,RCB,2020,5,5,1,78,33,out,19.5,77,101.29,0,0,1,9,1
K Gowtham ,LSG,2023,7,7,3,61,23,out,15.25,37,164.86,0,0,0,2,5
K Gowtham ,PBKS,2020,2,2,1,42,22,not out,42,27,155.55,0,0,0,3,2
K Kartikeya ,MI,2023,8,1,0,6,6,out,6,7,85.71,0,0,0,1,0
K Kartikeya ,RR,2025,4,2,0,3,2,out,1.5,5,60,0,0,0,0,0
K Kushagra ,DC,2024,4,3,0,3,2,out,1,7,42.85,0,0,1,0,0
K Nitish Kumar Reddy ,SRH,2024,13,11,2,303,76,not out,33.66,212,142.92,0,2,0,15,21
K Nitish Kumar Reddy ,SRH,2025,10,9,2,173,32,out,24.71,144,120.13,0,0,1,15,4
K Rabada ,DC,2020,17,8,4,56,15,not out,14,49,114.28,0,0,1,4,2
K Rabada ,DC,2021,15,3,3,13,9,not out,0,6,216.66,0,0,0,2,0
K Rabada ,GT,2025,2,1,1,7,7,not out,0,5,140,0,0,0,0,1
K Rabada ,PBKS,2022,13,8,3,48,25,out,9.6,43,111.62,0,0,0,5,2
K Rabada ,PBKS,2024,11,3,2,20,11,not out,20,14,142.85,0,0,0,0,2
K Yadav ,RR,2021,1,1,1,0,0,not out,0,4,0,0,0,0,0,0
KA Jamieson ,RCB,2021,9,7,3,65,16,not out,16.25,55,118.18,0,0,0,5,3
KA Pollard ,MI,2020,16,12,7,268,60,not out,53.6,140,191.42,0,1,1,15,22
KA Pollard ,MI,2021,14,13,5,245,87,not out,30.62,165,148.48,0,1,0,16,16
KA Pollard ,MI,2022,11,11,1,144,25,out,14.4,134,107.46,0,0,1,6,9
Kartik Tyagi ,RR,2020,10,3,2,4,2,not out,4,6,66.66,0,0,0,0,0
Kartik Tyagi ,RR,2021,4,2,1,2,1,not out,2,4,50,0,0,0,0,0
Kartik Tyagi ,SRH,2022,2,2,0,7,7,out,3.5,6,116.66,0,0,1,1,0
KD Karthik ,KKR,2020,14,14,2,169,58,out,14.08,134,126.11,0,1,3,20,4
KD Karthik ,KKR,2021,17,15,5,223,40,out,22.3,170,131.17,0,0,1,22,7
KD Karthik ,RCB,2022,16,16,10,330,66,not out,55,180,183.33,0,1,1,27,22
KD Karthik ,RCB,2023,13,13,1,140,30,out,11.66,104,134.61,0,0,4,13,5
KD Karthik ,RCB,2024,15,13,4,326,83,out,36.22,174,187.35,0,2,1,27,22
KH Pandya ,LSG,2022,14,13,4,183,42,out,20.33,145,126.2,0,0,1,16,4
KH Pandya ,LSG,2023,15,14,4,188,49,not out,18.8,165,113.93,0,0,3,15,6
KH Pandya ,LSG,2024,14,12,8,133,43,not out,33.25,105,126.66,0,0,0,8,5
KH Pandya ,MI,2020,16,12,6,109,34,out,18.16,92,118.47,0,0,1,9,5
KH Pandya ,MI,2021,13,12,2,143,39,out,14.3,123,116.26,0,0,0,10,6
KH Pandya ,RCB,2025,11,5,1,97,73,not out,24.25,75,129.33,0,1,1,7,4
KK Ahmed ,CSK,2025,12,2,2,1,1,not out,0,2,50,0,0,0,0,0
KK Ahmed ,SRH,2020,7,1,0,0,0,out,0,2,0,0,0,1,0,0
KK Ahmed ,SRH,2021,7,1,0,1,1,out,1,2,50,0,0,0,0,0
KK Nair ,DC,2025,7,7,0,154,89,out,22,88,175,0,1,2,19,8
KK Nair ,PBKS,2020,4,3,1,16,15,not out,8,14,114.28,0,0,1,2,0
KK Nair ,RR,2022,3,2,0,16,13,out,8,18,88.88,0,0,0,1,0
KL Nagarkoti ,KKR,2020,10,6,3,22,8,not out,7.33,31,70.96,0,0,1,1,0
KL Nagarkoti ,KKR,2021,1,1,0,0,0,out,0,2,0,0,0,1,0,0
KL Rahul ,DC,2025,11,10,2,381,93,not out,47.62,268,142.16,0,3,0,30,16
KL Rahul ,LSG,2022,15,15,3,616,103,not out,51.33,455,135.38,2,4,3,45,30
KL Rahul ,LSG,2023,9,9,1,274,74,out,34.25,242,113.22,0,2,0,28,4
KL Rahul ,LSG,2024,14,14,0,520,82,out,37.14,382,136.12,0,4,0,45,19
KL Rahul ,PBKS,2020,14,14,2,670,132,not out,55.83,518,129.34,1,5,0,58,23
KL Rahul ,PBKS,2021,13,13,3,626,98,not out,62.6,451,138.8,0,6,0,48,30
KM Jadhav ,CSK,2020,8,5,2,62,26,out,20.66,66,93.93,0,0,0,7,0
KM Jadhav ,RCB,2023,2,1,1,12,12,not out,0,10,120,0,0,0,1,0
KM Jadhav ,SRH,2021,6,5,1,55,19,out,13.75,52,105.76,0,0,0,2,2
KR Mayers ,LSG,2023,13,13,0,379,73,out,29.15,263,144.1,0,4,2,38,22
KS Bharat ,DC,2022,2,2,0,8,8,out,4,7,114.28,0,0,1,2,0
KS Bharat ,RCB,2021,8,7,2,191,78,not out,38.2,156,122.43,0,1,0,10,8
KS Sharma ,LSG,2022,1,1,0,4,4,out,4,4,100,0,0,0,1,0
KS Sharma ,LSG,2023,2,2,0,12,9,out,6,21,57.14,0,0,0,0,0
KS Williamson ,GT,2024,2,2,0,27,26,out,13.5,27,100,0,0,0,4,0
KS Williamson ,SRH,2020,12,11,4,317,67,out,45.28,237,133.75,0,3,0,26,10
KS Williamson ,SRH,2021,10,10,4,266,66,not out,44.33,235,113.19,0,2,0,29,2
KS Williamson ,SRH,2022,13,13,2,216,57,out,19.63,231,93.5,0,1,1,16,8
Kuldeep Yadav ,DC,2022,14,7,6,48,16,not out,48,52,92.3,0,0,0,3,2
Kuldeep Yadav ,DC,2023,14,10,8,31,10,not out,15.5,48,64.58,0,0,2,2,0
Kuldeep Yadav ,DC,2024,11,5,2,47,35,not out,15.66,41,114.63,0,0,1,6,1
Kuldeep Yadav ,DC,2025,12,4,2,11,5,out,5.5,8,137.5,0,0,0,2,0
Kuldeep Yadav ,KKR,2020,5,2,1,13,12,out,13,21,61.9,0,0,0,1,0
KV Sharma ,MI,2025,5,1,1,1,1,not out,0,1,100,0,0,0,0,0
KV Sharma ,RCB,2023,7,2,0,3,2,out,1.5,5,60,0,0,0,0,0
KV Sharma ,RCB,2024,9,3,0,31,20,out,10.33,15,206.66,0,0,0,2,3
L Wood ,MI,2024,2,1,1,9,9,not out,0,3,300,0,0,0,0,1
Lalit Yadav ,DC,2021,7,5,3,68,22,not out,34,73,93.15,0,0,1,7,0
Lalit Yadav ,DC,2022,12,8,1,161,48,not out,23,146,110.27,0,0,0,11,7
Lalit Yadav ,DC,2023,6,6,1,66,38,out,13.2,59,111.86,0,0,0,8,0
Lalit Yadav ,DC,2024,2,2,0,10,7,out,5,12,83.33,0,0,0,1,0
LH Ferguson ,GT,2022,13,3,1,5,5,out,2.5,4,125,0,0,1,1,0
LH Ferguson ,KKR,2020,5,2,2,43,24,not out,0,29,148.27,0,0,0,4,1
LH Ferguson ,KKR,2021,8,3,3,18,18,not out,0,11,163.63,0,0,0,1,1
LH Ferguson ,PBKS,2025,4,1,1,4,4,not out,0,1,400,0,0,0,1,0
Litton Das ,KKR,2023,1,1,0,4,4,out,4,4,100,0,0,0,1,0
LS Livingstone ,PBKS,2022,14,14,2,437,70,out,36.41,240,182.08,0,4,0,29,34
LS Livingstone ,PBKS,2023,9,9,1,279,94,out,34.87,171,163.15,0,2,0,20,19
LS Livingstone ,PBKS,2024,7,7,2,111,38,not out,22.2,78,142.3,0,0,1,8,7
LS Livingstone ,RCB,2025,7,6,1,87,54,out,17.4,68,127.94,0,1,1,4,7
LS Livingstone ,RR,2021,5,5,0,42,25,out,8.4,41,102.43,0,0,0,3,1
M Ashwin ,MI,2022,8,5,2,12,6,out,4,14,85.71,0,0,1,1,1
M Ashwin ,PBKS,2020,9,1,0,4,4,out,4,4,100,0,0,0,0,0
M Ashwin ,PBKS,2021,3,2,0,15,9,out,7.5,24,62.5,0,0,0,1,0
M Jansen ,PBKS,2025,12,7,4,75,34,not out,25,61,122.95,0,0,0,3,4
M Jansen ,SRH,2022,8,3,2,9,8,not out,9,7,128.57,0,0,0,0,1
M Jansen ,SRH,2023,8,6,3,39,17,not out,13,43,90.69,0,0,0,4,0
M Jansen ,SRH,2024,3,2,1,18,17,out,18,13,138.46,0,0,0,1,1
M Markande ,SRH,2023,10,3,3,21,18,not out,0,13,161.53,0,0,0,2,1
M Prasidh Krishna ,KKR,2020,6,2,2,2,2,not out,0,4,50,0,0,0,0,0
M Prasidh Krishna ,RR,2022,17,3,2,6,4,not out,6,12,50,0,0,0,0,0
M Shahrukh Khan ,GT,2024,7,7,0,127,58,out,18.14,75,169.33,0,1,1,9,9
M Shahrukh Khan ,GT,2025,11,8,5,90,36,out,30,49,183.67,0,0,0,6,7
M Shahrukh Khan ,PBKS,2021,11,10,3,153,47,out,21.85,114,134.21,0,0,1,9,10
M Shahrukh Khan ,PBKS,2022,8,8,1,117,26,out,16.71,108,108.33,0,0,1,4,9
M Shahrukh Khan ,PBKS,2023,14,13,6,156,41,not out,22.28,94,165.95,0,0,0,13,9
M Theekshana ,CSK,2022,9,2,1,7,7,not out,7,7,100,0,0,1,0,1
M Theekshana ,RR,2025,11,4,2,10,5,out,5,27,37.03,0,0,0,0,0
M Vijay ,CSK,2020,3,3,0,32,21,out,10.66,43,74.41,0,0,0,4,0
M Vohra ,LSG,2022,2,1,0,19,19,out,19,11,172.72,0,0,0,1,2
M Vohra ,LSG,2023,1,1,0,10,10,out,10,11,90.9,0,0,0,1,0
M Vohra ,RR,2021,4,4,0,42,14,out,10.5,39,107.69,0,0,0,5,2
MA Agarwal ,PBKS,2020,11,11,0,424,106,out,38.54,271,156.45,1,2,0,44,15
MA Agarwal ,PBKS,2021,12,12,1,441,99,not out,40.09,314,140.44,0,4,1,42,18
MA Agarwal ,PBKS,2022,13,12,0,196,52,out,16.33,160,122.5,0,1,1,23,6
MA Agarwal ,SRH,2023,10,10,0,270,83,out,27,210,128.57,0,1,0,29,6
MA Agarwal ,SRH,2024,4,4,0,64,32,out,16,57,112.28,0,0,0,8,1
MA Starc ,DC,2025,12,6,4,6,2,not out,3,10,60,0,0,1,0,0
MA Starc ,KKR,2024,14,5,3,9,6,not out,4.5,11,81.81,0,0,2,1,0
MA Wood ,LSG,2023,4,2,1,11,10,not out,11,5,220,0,0,0,1,1
Mandeep Singh ,DC,2022,3,3,0,18,18,out,6,23,78.26,0,0,2,4,0
Mandeep Singh ,KKR,2023,3,3,0,14,12,out,4.66,16,87.5,0,0,1,0,1
Mandeep Singh ,PBKS,2020,7,7,1,130,66,not out,21.66,109,119.26,0,1,2,10,4
Mandeep Singh ,PBKS,2021,1,1,0,15,15,out,15,14,107.14,0,0,0,2,0
MC Henriques ,PBKS,2021,5,4,2,31,14,out,15.5,32,96.87,0,0,0,0,1
MD Shanaka ,GT,2023,3,3,1,26,17,out,13,26,100,0,0,1,2,1
MG Bracewell ,RCB,2023,5,4,2,58,26,out,29,47,123.4,0,0,0,6,1
MJ Santner ,CSK,2022,6,4,2,22,11,out,11,27,81.48,0,0,0,3,0
MJ Santner ,CSK,2024,3,3,0,14,11,out,4.66,17,82.35,0,0,1,1,0
MJ Santner ,MI,2025,9,5,3,39,18,not out,19.5,29,134.48,0,0,0,2,3
MK Lomror ,RCB,2022,7,5,0,86,42,out,17.2,57,150.87,0,0,0,7,4
MK Lomror ,RCB,2023,12,10,2,135,54,not out,16.87,97,139.17,0,1,1,9,8
MK Lomror ,RCB,2024,10,10,2,125,33,out,15.62,68,183.82,0,0,2,9,9
MK Lomror ,RR,2020,3,3,0,59,47,out,19.66,54,109.25,0,0,0,2,3
MK Lomror ,RR,2021,4,4,1,94,43,out,31.33,73,128.76,0,0,0,3,6
MK Pandey ,DC,2023,10,9,0,160,50,out,17.77,146,109.58,0,1,2,15,3
MK Pandey ,KKR,2024,1,1,0,42,42,out,42,31,135.48,0,0,0,2,2
MK Pandey ,KKR,2025,2,2,1,55,36,not out,55,42,130.95,0,0,0,3,2
MK Pandey ,LSG,2022,6,6,0,88,38,out,14.66,80,110,0,0,0,9,2
MK Pandey ,SRH,2020,16,15,2,425,83,not out,32.69,333,127.62,0,3,0,35,18
MK Pandey ,SRH,2021,8,8,2,292,69,not out,48.66,236,123.72,0,3,0,21,10
MM Ali ,CSK,2021,15,15,1,357,58,out,25.5,260,137.3,0,1,2,31,19
MM Ali ,CSK,2022,10,10,0,244,93,out,24.4,177,137.85,0,1,2,24,11
MM Ali ,CSK,2023,15,10,3,124,23,out,17.71,91,136.26,0,0,0,12,6
MM Ali ,CSK,2024,8,5,0,128,56,out,25.6,98,130.61,0,1,0,7,8
MM Ali ,KKR,2025,6,2,0,5,5,out,2.5,14,35.71,0,0,1,0,0
MM Ali ,RCB,2020,3,3,0,12,11,out,4,16,75,0,0,1,1,0
MM Sharma ,DC,2025,7,2,1,1,1,not out,1,3,33.33,0,0,1,0,0
Mohammad Nabi ,MI,2024,7,5,1,35,23,out,8.75,31,112.9,0,0,1,2,2
Mohammad Nabi ,SRH,2020,1,1,1,11,11,not out,0,8,137.5,0,0,0,2,0
Mohammad Nabi ,SRH,2021,3,3,0,34,17,out,11.33,20,170,0,0,0,3,2
Mohammed Shami ,GT,2023,17,2,0,5,5,out,2.5,6,83.33,0,0,1,1,0
Mohammed Shami ,PBKS,2020,14,3,2,2,2,not out,2,3,66.66,0,0,1,0,0
Mohammed Shami ,PBKS,2021,14,4,3,13,9,not out,13,17,76.47,0,0,0,0,0
Mohammed Shami ,SRH,2025,9,4,3,10,6,not out,10,10,100,0,0,0,1,0
Mohammed Siraj ,RCB,2020,9,3,2,17,10,not out,17,14,121.42,0,0,0,2,0
Mohammed Siraj ,RCB,2021,15,4,3,20,12,not out,20,26,76.92,0,0,0,1,1
Mohammed Siraj ,RCB,2022,15,5,3,30,14,not out,15,33,90.9,0,0,0,5,0
Mohammed Siraj ,RCB,2024,14,3,1,12,12,out,6,8,150,0,0,1,0,2
Mohsin Khan ,LSG,2022,9,3,2,23,13,not out,23,16,143.75,0,0,0,2,1
MP Stoinis ,DC,2020,17,17,3,352,65,out,25.14,237,148.52,0,3,1,31,16
MP Stoinis ,DC,2021,10,7,3,89,27,not out,22.25,72,123.61,0,0,1,11,1
MP Stoinis ,LSG,2022,11,10,2,156,38,not out,19.5,106,147.16,0,0,1,7,13
MP Stoinis ,LSG,2023,15,15,2,408,89,not out,31.38,272,150,0,3,2,28,27
MP Stoinis ,LSG,2024,14,14,2,388,124,not out,32.33,263,147.52,1,2,1,39,16
MP Stoinis ,PBKS,2025,9,7,3,82,34,not out,20.5,49,167.34,0,0,0,3,8
MR Marsh ,DC,2022,8,8,0,251,89,out,31.37,189,132.8,0,2,1,19,14
MR Marsh ,DC,2023,9,9,0,128,63,out,14.22,97,131.95,0,1,2,11,7
MR Marsh ,DC,2024,4,4,0,61,23,out,15.25,38,160.52,0,0,1,9,3
MR Marsh ,LSG,2025,10,10,0,378,81,out,37.8,243,155.55,0,4,2,36,20
MR Marsh ,SRH,2020,1,1,0,0,0,out,0,1,0,0,0,1,0,0
MS Bhandage ,RCB,2025,1,1,0,1,1,out,1,4,25,0,0,0,0,0
MS Dhoni ,CSK,2020,14,12,4,200,47,not out,25,172,116.27,0,0,0,16,7
MS Dhoni ,CSK,2021,16,11,4,114,18,not out,16.28,107,106.54,0,0,1,12,3
MS Dhoni ,CSK,2022,14,13,6,232,50,not out,33.14,188,123.4,0,1,0,21,10
MS Dhoni ,CSK,2023,16,12,8,104,32,not out,26,57,182.45,0,0,1,3,10
MS Dhoni ,CSK,2024,14,11,8,161,37,not out,53.66,73,220.54,0,0,1,14,13
MS Dhoni ,CSK,2025,12,12,5,180,30,not out,25.71,128,140.62,0,0,0,12,11
MS Wade ,GT,2022,10,10,0,157,35,out,15.7,138,113.76,0,0,0,23,2
MS Wade ,GT,2024,2,1,0,4,4,out,4,6,66.66,0,0,0,0,0
Mujeeb Ur Rahman ,PBKS,2020,2,1,0,1,1,out,1,3,33.33,0,0,0,0,0
Mujeeb Ur Rahman ,SRH,2021,1,1,1,1,1,not out,0,1,100,0,0,0,0,0
Mukesh Choudhary ,CSK,2022,13,2,1,6,4,out,6,6,100,0,0,0,1,0
Mukesh Kumar ,DC,2023,10,3,3,7,6,not out,0,9,77.77,0,0,0,0,0
Mukesh Kumar ,DC,2024,10,2,1,3,3,out,3,9,33.33,0,0,0,0,0
Mustafizur Rahman ,RR,2021,14,5,5,8,8,not out,0,14,57.14,0,0,0,0,1
MW Short ,PBKS,2023,6,6,0,117,36,out,19.5,92,127.17,0,0,0,15,4
N Jagadeesan ,CSK,2020,5,2,0,33,33,out,16.5,29,113.79,0,0,1,4,0
N Jagadeesan ,CSK,2022,2,2,1,40,39,not out,40,37,108.1,0,0,0,3,1
N Jagadeesan ,KKR,2023,6,6,0,89,36,out,14.83,81,109.87,0,0,1,14,1
N Pooran ,LSG,2023,15,15,3,358,62,out,29.83,207,172.94,0,2,2,26,26
N Pooran ,LSG,2024,14,14,6,499,75,out,62.37,280,178.21,0,3,1,35,36
N Pooran ,LSG,2025,11,11,1,410,87,not out,41,204,200.98,0,4,0,34,34
N Pooran ,PBKS,2020,14,14,4,353,77,out,35.3,208,169.71,0,2,1,23,25
N Pooran ,PBKS,2021,12,11,0,85,32,out,7.72,76,111.84,0,0,4,3,5
N Pooran ,SRH,2022,14,13,5,306,64,not out,38.25,212,144.33,0,2,1,16,21
N Rana ,KKR,2020,14,14,0,352,87,out,25.14,254,138.58,0,3,3,43,12
N Rana ,KKR,2021,17,16,3,383,80,out,29.46,314,121.97,0,2,2,34,17
N Rana ,KKR,2022,14,14,1,361,57,out,27.76,251,143.82,0,2,1,29,22
N Rana ,KKR,2023,14,14,1,413,75,out,31.76,293,140.95,0,3,0,39,20
N Rana ,KKR,2024,2,2,0,42,33,out,21,34,123.52,0,0,0,5,1
N Rana ,RR,2025,11,11,1,217,81,out,21.7,134,161.94,0,2,0,27,9
N Wadhera ,MI,2023,14,10,1,241,64,out,26.77,166,145.18,0,2,1,23,12
N Wadhera ,MI,2024,6,6,0,109,49,out,18.16,84,129.76,0,0,0,9,6
N Wadhera ,PBKS,2025,11,9,2,210,62,out,30,141,148.93,0,1,0,17,13
NA Saini ,RCB,2020,13,3,2,27,12,not out,27,27,100,0,0,0,3,0
NA Saini ,RCB,2021,2,1,0,2,2,out,2,4,50,0,0,0,0,0
Naman Dhir ,MI,2024,7,7,1,140,62,not out,23.33,79,177.21,0,1,2,12,10
Naman Dhir ,MI,2025,12,8,3,162,46,out,32.4,94,172.34,0,0,1,15,8
Naveen0ul0Haq ,LSG,2023,8,3,2,16,13,out,16,21,76.19,0,0,0,2,0
NM Coulter0Nile ,MI,2020,7,2,1,25,24,not out,25,15,166.66,0,0,0,4,0
NM Coulter0Nile ,MI,2021,5,2,0,4,3,out,2,5,80,0,0,0,0,0
Noor Ahmad ,CSK,2025,12,5,1,5,2,out,1.25,16,31.25,0,0,1,0,0
Noor Ahmad ,GT,2023,13,3,1,8,7,not out,4,9,88.88,0,0,1,1,0
Noor Ahmad ,GT,2024,10,4,2,5,4,out,2.5,9,55.55,0,0,0,1,0
NS Naik ,KKR,2020,1,1,0,1,1,out,1,3,33.33,0,0,0,0,0
NT Ellis ,PBKS,2021,3,2,1,18,12,out,18,16,112.5,0,0,0,0,1
NT Tilak Varma ,MI,2022,14,14,3,397,61,out,36.09,303,131.02,0,2,1,29,16
NT Tilak Varma ,MI,2023,11,11,3,343,84,not out,42.87,209,164.11,0,1,0,26,23
NT Tilak Varma ,MI,2024,13,13,3,416,65,out,41.6,278,149.64,0,3,0,35,19
NT Tilak Varma ,MI,2025,12,9,2,246,59,out,35.14,177,138.98,0,2,0,20,10
OC McCoy ,RR,2022,7,1,0,8,8,out,8,5,160,0,0,0,0,1
OF Smith ,PBKS,2022,6,6,3,51,25,not out,17,44,115.9,0,0,1,1,5
P Arya ,PBKS,2025,12,12,0,417,103,out,34.75,214,194.85,1,2,1,42,28
P Dubey ,DC,2020,3,1,1,7,7,not out,0,13,53.84,0,0,0,0,0
P Dubey ,DC,2023,1,1,0,16,16,out,16,20,80,0,0,0,2,0
PBB Rajapaksa ,PBKS,2022,9,9,0,206,43,out,22.88,129,159.68,0,0,0,16,13
PBB Rajapaksa ,PBKS,2023,4,4,1,71,50,out,23.66,62,114.51,0,1,1,6,2
PD Salt ,DC,2023,9,9,1,218,87,out,27.25,133,163.9,0,2,2,24,10
PD Salt ,KKR,2024,12,12,1,435,89,not out,39.54,239,182,0,4,1,50,24
PD Salt ,RCB,2025,9,9,0,239,65,out,26.55,142,168.3,0,2,0,30,13
PHKD Mendis ,SRH,2025,4,4,1,60,32,not out,20,48,125,0,0,1,4,2
PJ Cummins ,KKR,2020,14,11,4,146,53,not out,20.85,114,128.07,0,1,0,9,8
PJ Cummins ,KKR,2021,7,5,2,93,66,not out,31,56,166.07,0,1,1,5,8
PJ Cummins ,KKR,2022,5,5,1,63,56,not out,15.75,24,262.5,0,1,2,5,6
PJ Cummins ,SRH,2024,16,10,4,136,35,not out,22.66,95,143.15,0,0,0,9,8
PJ Cummins ,SRH,2025,11,8,4,84,22,not out,21,52,161.53,0,0,0,6,6
PK Garg ,DC,2023,2,2,0,22,12,out,11,23,95.65,0,0,0,1,0
PK Garg ,SRH,2020,14,10,1,133,51,not out,14.77,111,119.81,0,1,1,9,4
PK Garg ,SRH,2021,5,5,0,72,29,out,14.4,74,97.29,0,0,1,2,3
PK Garg ,SRH,2022,2,2,0,46,42,out,23,33,139.39,0,0,0,4,2
PN Mankad ,LSG,2023,5,5,2,93,64,not out,31,72,129.16,0,1,1,12,2
PN Mankad ,PBKS,2022,1,1,1,4,4,not out,0,1,400,0,0,0,1,0
PP Chawla ,MI,2021,1,1,0,0,0,out,0,2,0,0,0,1,0,0
PP Chawla ,MI,2023,16,4,2,25,18,out,12.5,22,113.63,0,0,1,1,1
PP Chawla ,MI,2024,11,6,2,15,10,out,3.75,15,100,0,0,2,1,1
PP Shaw ,DC,2020,13,13,0,228,66,out,17.53,167,136.52,0,2,3,27,8
PP Shaw ,DC,2021,15,15,0,479,82,out,31.93,301,159.13,0,4,0,56,18
PP Shaw ,DC,2022,10,10,0,283,61,out,28.3,185,152.97,0,2,1,37,10
PP Shaw ,DC,2023,8,8,0,106,54,out,13.25,85,124.7,0,1,2,16,1
PP Shaw ,DC,2024,8,8,0,198,66,out,24.75,121,163.63,0,1,0,30,5
Prabhsimran Singh ,PBKS,2020,2,2,0,15,11,out,7.5,15,100,0,0,0,2,0
Prabhsimran Singh ,PBKS,2021,2,2,0,19,12,out,9.5,23,82.6,0,0,0,1,1
Prabhsimran Singh ,PBKS,2022,1,1,0,14,14,out,14,11,127.27,0,0,0,2,0
Prabhsimran Singh ,PBKS,2023,14,14,0,358,103,out,25.57,238,150.42,1,1,2,38,19
Prabhsimran Singh ,PBKS,2024,14,14,0,334,71,out,23.85,213,156.8,0,2,1,34,20
Prabhsimran Singh ,PBKS,2025,12,12,1,487,91,out,44.27,285,170.87,0,5,1,52,24
Prince Yadav ,LSG,2025,6,2,2,5,4,not out,0,10,50,0,0,0,0,0
PVD Chameera ,DC,2025,5,2,2,2,2,not out,0,4,50,0,0,0,0,0
PVD Chameera ,LSG,2022,12,8,4,43,17,out,10.75,28,153.57,0,0,2,3,3
PVSN Raju ,MI,2025,2,1,1,1,1,not out,0,1,100,0,0,0,0,0
PW Hasaranga ,RCB,2021,2,2,1,1,1,not out,1,2,50,0,0,1,0,0
PW Hasaranga ,RCB,2022,16,7,0,38,18,out,5.42,43,88.37,0,0,2,4,1
PW Hasaranga ,RCB,2023,8,5,3,33,12,not out,16.5,28,117.85,0,0,0,3,0
PW Hasaranga ,RR,2025,9,4,0,9,4,out,2.25,14,64.28,0,0,1,0,0
PWA Mulder ,SRH,2025,1,1,0,9,9,out,9,11,81.81,0,0,0,1,0
Q de Kock ,KKR,2025,7,7,1,143,97,not out,23.83,104,137.5,0,1,0,9,11
Q de Kock ,LSG,2022,15,15,1,508,140,not out,36.28,341,148.97,1,3,0,47,23
Q de Kock ,LSG,2023,4,4,0,143,70,out,35.75,102,140.19,0,1,0,10,8
Q de Kock ,LSG,2024,11,11,0,250,81,out,22.72,186,134.4,0,3,1,29,9
Q de Kock ,MI,2020,16,16,2,503,78,not out,35.92,358,140.5,0,4,1,46,22
Q de Kock ,MI,2021,11,11,1,297,70,not out,29.7,256,116.01,0,2,0,29,7
R Ashwin ,CSK,2025,8,3,0,20,11,out,6.66,22,90.9,0,0,0,2,0
R Ashwin ,DC,2020,15,6,3,37,14,not out,12.33,34,108.82,0,0,0,3,1
R Ashwin ,DC,2021,13,5,2,44,20,not out,14.66,42,104.76,0,0,0,2,1
R Ashwin ,RR,2022,17,12,5,191,50,out,27.28,135,141.48,0,1,0,14,9
R Ashwin ,RR,2023,13,10,4,67,30,out,11.16,51,131.37,0,0,2,5,3
R Ashwin ,RR,2024,15,9,3,86,29,out,14.33,74,116.21,0,0,1,5,4
R Dhawan ,PBKS,2022,6,4,2,37,21,not out,18.5,40,92.5,0,0,0,4,2
R Dhawan ,PBKS,2023,6,3,1,20,19,out,10,12,166.66,0,0,0,1,1
R Minz ,MI,2025,2,2,0,6,3,out,3,15,40,0,0,0,0,0
R Parag ,RR,2020,12,8,1,86,42,not out,12.28,77,111.68,0,0,2,6,3
R Parag ,RR,2021,11,10,2,93,25,out,11.62,83,112.04,0,0,1,6,4
R Parag ,RR,2022,17,14,3,183,56,not out,16.63,132,138.63,0,1,0,11,10
R Parag ,RR,2023,7,7,1,78,20,out,13,66,118.18,0,0,0,4,5
R Parag ,RR,2024,16,14,3,573,84,not out,52.09,384,149.21,0,4,0,40,33
R Parag ,RR,2025,12,12,2,377,95,out,37.7,221,170.58,0,1,0,27,26
R Powell ,DC,2022,14,12,2,250,67,not out,25,167,149.7,0,1,2,10,22
R Powell ,DC,2023,3,3,0,7,4,out,2.33,9,77.77,0,0,0,1,0
R Powell ,KKR,2025,2,1,0,5,5,out,5,5,100,0,0,0,1,0
R Powell ,RR,2024,10,7,1,103,27,out,17.16,68,151.47,0,0,0,10,6
R Ravindra ,CSK,2024,10,10,0,222,61,out,22.2,138,160.86,0,1,1,22,12
R Ravindra ,CSK,2025,8,8,1,191,65,not out,27.28,149,128.18,0,1,1,18,4
R Sai Kishore ,GT,2024,5,2,1,13,13,out,13,6,216.66,0,0,0,0,2
R Sai Kishore ,GT,2025,11,1,0,1,1,out,1,1,100,0,0,0,0,0
R Shepherd ,MI,2024,6,5,3,57,39,not out,28.5,21,271.42,0,0,0,5,5
R Shepherd ,RCB,2025,4,1,1,53,53,not out,0,14,378.57,0,1,0,4,6
R Shepherd ,SRH,2022,3,3,1,58,26,not out,29,41,141.46,0,0,0,2,5
R Tewatia ,GT,2022,16,12,5,217,43,not out,31,147,147.61,0,0,0,22,9
R Tewatia ,GT,2023,17,10,6,87,20,not out,21.75,57,152.63,0,0,0,3,7
R Tewatia ,GT,2024,12,9,2,188,36,not out,26.85,129,145.73,0,0,0,24,5
R Tewatia ,GT,2025,11,9,3,67,24,not out,11.16,35,191.42,0,0,3,4,6
R Tewatia ,RR,2020,14,11,5,255,53,out,42.5,183,139.34,0,1,0,13,17
R Tewatia ,RR,2021,14,11,1,155,44,out,15.5,147,105.44,0,0,0,11,6
RA Bawa ,PBKS,2022,2,2,0,11,11,out,5.5,14,78.57,0,0,1,1,0
RA Jadeja ,CSK,2020,14,11,6,232,50,out,46.4,135,171.85,0,1,0,22,11
RA Jadeja ,CSK,2021,16,12,9,227,62,not out,75.66,156,145.51,0,1,0,19,9
RA Jadeja ,CSK,2022,10,10,4,116,26,not out,19.33,98,118.36,0,0,2,6,5
RA Jadeja ,CSK,2023,16,12,4,190,25,not out,23.75,133,142.85,0,0,0,11,9
RA Jadeja ,CSK,2024,14,11,5,267,57,not out,44.5,187,142.78,0,1,0,22,8
RA Jadeja ,CSK,2025,12,12,4,279,77,not out,34.87,199,140.2,0,2,1,24,9
RA Tripathi ,CSK,2025,5,5,0,55,23,out,11,57,96.49,0,0,0,6,1
RA Tripathi ,KKR,2020,11,11,1,230,81,out,23,181,127.07,0,1,0,21,10
RA Tripathi ,KKR,2021,17,16,2,397,74,not out,28.35,283,140.28,0,2,0,41,11
RA Tripathi ,SRH,2022,14,14,3,413,76,out,37.54,261,158.23,0,3,2,40,20
RA Tripathi ,SRH,2023,13,13,1,273,74,not out,22.75,213,128.16,0,1,1,29,10
RA Tripathi ,SRH,2024,6,6,0,165,55,out,27.5,115,143.47,0,1,0,18,6
Rahmanullah Gurbaz ,KKR,2023,11,11,0,227,81,out,20.63,170,133.52,0,2,2,17,15
Rahmanullah Gurbaz ,KKR,2024,3,2,0,62,39,out,31,46,134.78,0,0,0,7,4
Rahmanullah Gurbaz ,KKR,2025,5,5,1,74,35,out,18.5,53,139.62,0,0,0,10,3
Ramandeep Singh ,KKR,2024,15,9,5,125,35,out,31.25,62,201.61,0,0,0,5,12
Ramandeep Singh ,KKR,2025,10,6,2,34,22,out,8.5,30,113.33,0,0,1,1,2
Ramandeep Singh ,MI,2022,5,4,2,45,14,not out,22.5,40,112.5,0,0,0,3,1
Rashid Khan ,GT,2022,16,8,4,91,40,out,22.75,44,206.81,0,0,3,3,9
Rashid Khan ,GT,2023,17,9,5,130,79,not out,32.5,60,216.66,0,1,2,8,13
Rashid Khan ,GT,2024,12,8,3,102,31,out,20.4,71,143.66,0,0,1,11,3
Rashid Khan ,GT,2025,11,5,1,24,12,out,6,14,171.42,0,0,1,1,2
Rashid Khan ,SRH,2020,16,7,3,35,14,out,8.75,30,116.66,0,0,1,3,2
Rashid Khan ,SRH,2021,14,10,2,83,22,out,10.37,69,120.28,0,0,3,9,2
Rasikh Salam ,DC,2024,8,4,0,28,10,out,7,30,93.33,0,0,0,4,0
Rasikh Salam ,KKR,2022,2,1,0,7,7,out,7,6,116.66,0,0,0,1,0
Ravi Bishnoi ,LSG,2023,15,7,4,20,5,out,6.66,27,74.07,0,0,0,1,0
Ravi Bishnoi ,LSG,2024,14,3,0,4,2,out,1.33,6,66.66,0,0,1,0,0
Ravi Bishnoi ,LSG,2025,10,2,0,13,13,out,6.5,16,81.25,0,0,1,0,2
Ravi Bishnoi ,PBKS,2020,14,3,2,7,6,not out,7,12,58.33,0,0,0,1,0
Ravi Bishnoi ,PBKS,2021,9,1,0,1,1,out,1,4,25,0,0,0,0,0
RD Chahar ,MI,2020,15,1,1,2,2,not out,0,4,50,0,0,0,0,0
RD Chahar ,MI,2021,11,5,0,14,8,out,2.8,15,93.33,0,0,3,1,0
RD Chahar ,PBKS,2022,13,8,2,77,25,not out,12.83,68,113.23,0,0,2,7,4
RD Chahar ,PBKS,2024,9,2,1,21,16,out,21,15,140,0,0,0,3,1
RD Gaikwad ,CSK,2020,6,6,2,204,72,out,51,169,120.71,0,3,2,16,6
RD Gaikwad ,CSK,2021,16,16,2,635,101,not out,45.35,466,136.26,1,4,0,64,23
RD Gaikwad ,CSK,2022,14,14,0,368,99,out,26.28,291,126.46,0,3,2,33,14
RD Gaikwad ,CSK,2023,16,15,1,590,92,out,42.14,400,147.5,0,4,0,46,30
RD Gaikwad ,CSK,2024,14,14,3,583,108,not out,53,413,141.16,1,4,2,58,18
RD Gaikwad ,CSK,2025,5,5,0,122,63,out,24.4,81,150.61,0,2,1,14,4
RD Rickelton ,MI,2025,12,12,1,336,62,not out,30.54,219,153.42,0,3,0,42,15
RG Sharma ,MI,2020,12,12,0,332,80,out,27.66,260,127.69,0,3,1,27,19
RG Sharma ,MI,2021,13,13,0,381,63,out,29.3,299,127.42,0,1,0,33,14
RG Sharma ,MI,2022,14,14,0,268,48,out,19.14,223,120.17,0,0,1,28,13
RG Sharma ,MI,2023,16,16,0,332,65,out,20.75,250,132.8,0,2,2,35,17
RG Sharma ,MI,2024,14,14,1,417,105,not out,32.07,278,150,1,1,1,45,23
RG Sharma ,MI,2025,11,11,1,300,76,not out,30,197,152.28,0,3,1,28,17
RJW Topley ,RCB,2024,4,1,1,3,3,not out,0,6,50,0,0,0,0,0
RK Bhui ,DC,2024,2,2,0,3,3,out,1.5,9,33.33,0,0,1,0,0
RK Singh ,KKR,2020,1,1,0,11,11,out,11,11,100,0,0,0,1,0
RK Singh ,KKR,2022,7,7,2,174,42,not out,34.8,117,148.71,0,0,0,17,7
RK Singh ,KKR,2023,14,14,6,474,67,not out,59.25,317,149.52,0,4,0,31,29
RK Singh ,KKR,2024,15,11,2,168,26,out,18.66,113,148.67,0,0,0,13,8
RK Singh ,KKR,2025,12,10,4,197,38,not out,32.83,128,153.9,0,0,0,20,9
RM Patidar ,RCB,2021,4,4,0,71,31,out,17.75,62,114.51,0,0,0,3,3
RM Patidar ,RCB,2022,8,7,1,333,112,not out,55.5,218,152.75,1,2,0,27,18
RM Patidar ,RCB,2024,15,13,0,395,55,out,30.38,223,177.13,0,5,1,21,33
RM Patidar ,RCB,2025,11,10,0,239,64,out,23.9,170,140.58,0,2,0,21,10
RP Meredith ,PBKS,2021,5,1,1,0,0,not out,0,0,0,0,0,0,0,0
RR Pant ,DC,2020,14,14,3,343,56,out,31.18,301,113.95,0,1,0,31,9
RR Pant ,DC,2021,16,16,4,419,58,not out,34.91,326,128.52,0,3,0,42,10
RR Pant ,DC,2022,14,13,2,340,44,out,30.9,224,151.78,0,0,0,35,16
RR Pant ,DC,2024,13,13,2,446,88,not out,40.54,287,155.4,0,3,0,36,25
RR Pant ,LSG,2025,11,10,0,128,63,out,12.8,129,99.22,0,1,2,11,6
RR Rossouw ,DC,2023,9,9,2,209,82,not out,29.85,141,148.22,0,1,2,17,11
RR Rossouw ,PBKS,2024,8,8,0,211,61,out,26.37,116,181.89,0,1,1,25,11
RV Patel ,DC,2021,2,2,1,25,18,out,25,27,92.59,0,0,0,3,0
RV Patel ,DC,2022,2,1,0,6,6,out,6,3,200,0,0,0,0,1
RV Patel ,DC,2023,5,4,1,49,23,out,16.33,43,113.95,0,0,0,3,1
RV Uthappa ,CSK,2021,4,4,0,115,63,out,28.75,84,136.9,0,1,0,8,5
RV Uthappa ,CSK,2022,12,11,0,230,88,out,20.9,171,134.5,0,2,1,19,14
RV Uthappa ,RR,2020,12,12,0,196,41,out,16.33,164,119.51,0,0,0,19,7
S Dhawan ,DC,2020,17,17,3,618,106,not out,44.14,427,144.73,2,4,4,67,12
S Dhawan ,DC,2021,16,16,1,587,92,out,39.13,471,124.62,0,3,0,63,16
S Dhawan ,PBKS,2022,14,14,2,460,88,not out,38.33,375,122.66,0,3,0,47,12
S Dhawan ,PBKS,2023,11,11,2,373,99,not out,41.44,261,142.91,0,3,1,49,12
S Dhawan ,PBKS,2024,5,5,0,152,70,out,30.4,121,125.61,0,1,0,18,4
S Dube ,CSK,2022,11,11,1,289,95,not out,28.9,185,156.21,0,2,1,22,16
S Dube ,CSK,2023,16,14,3,418,52,out,38,264,158.33,0,3,0,12,35
S Dube ,CSK,2024,14,14,3,396,66,not out,36,244,162.29,0,3,2,28,28
S Dube ,CSK,2025,12,12,3,301,50,out,33.44,230,130.86,0,1,0,20,17
S Dube ,RCB,2020,11,9,2,129,27,not out,18.42,105,122.85,0,0,0,5,9
S Dube ,RR,2021,9,9,1,230,64,not out,28.75,193,119.17,0,1,0,18,10
S Gopal ,RR,2020,14,5,1,37,23,not out,9.25,39,94.87,0,0,0,3,0
S Gopal ,RR,2021,3,2,1,7,7,not out,7,5,140,0,0,1,0,1
S Gopal ,SRH,2022,1,1,1,9,9,not out,0,7,128.57,0,0,0,2,0
S Kaul ,SRH,2021,8,2,2,8,7,not out,0,8,100,0,0,0,1,0
S Nadeem ,SRH,2020,7,2,1,7,5,out,7,8,87.5,0,0,0,1,0
S Nadeem ,SRH,2021,1,1,0,0,0,out,0,1,0,0,0,1,0,0
SA Abbott ,SRH,2022,1,1,0,7,7,out,7,5,140,0,0,0,0,1
SA Yadav ,MI,2020,16,15,3,480,79,not out,40,331,145.01,0,4,2,61,11
SA Yadav ,MI,2021,14,14,0,317,82,out,22.64,221,143.43,0,2,1,40,10
SA Yadav ,MI,2022,8,8,1,303,68,not out,43.28,208,145.67,0,3,0,23,16
SA Yadav ,MI,2023,16,16,2,605,103,not out,43.21,334,181.13,1,5,1,65,28
SA Yadav ,MI,2024,11,11,1,345,102,not out,34.5,206,167.47,1,3,3,36,18
SA Yadav ,MI,2025,12,12,4,510,68,not out,63.75,299,170.56,0,3,0,51,26
Sachin Baby ,RCB,2021,1,1,0,7,7,out,7,17,41.17,0,0,0,0,0
Sameer Rizvi ,CSK,2024,8,5,1,51,21,out,12.75,43,118.6,0,0,1,4,2
Sameer Rizvi ,DC,2025,3,2,0,24,20,out,12,19,126.31,0,0,0,2,1
Sandeep Sharma ,RR,2025,10,1,1,6,6,not out,0,5,120,0,0,0,0,0
Sandeep Sharma ,SRH,2020,13,5,3,12,9,out,6,15,80,0,0,1,1,0
Sandeep Sharma ,SRH,2021,7,2,1,8,8,not out,8,7,114.28,0,0,1,1,0
Sanvir Singh ,SRH,2023,2,2,1,11,7,out,11,9,122.22,0,0,0,1,1
Sanvir Singh ,SRH,2024,4,3,2,14,8,not out,14,12,116.66,0,0,1,1,0
SB Dubey ,RR,2024,4,3,1,33,25,out,16.5,19,173.68,0,0,1,3,2
SB Dubey ,RR,2025,8,7,3,99,34,not out,24.75,59,167.79,0,0,0,6,8
SD Chauhan ,RCB,2024,3,3,0,18,9,out,6,15,120,0,0,1,1,1
SD Hope ,DC,2024,9,9,1,183,41,out,22.87,122,150,0,0,0,12,12
SE Rutherford ,GT,2025,9,8,2,229,46,out,38.16,144,159.02,0,0,0,17,15
SE Rutherford ,RCB,2022,3,2,0,33,28,out,16.5,50,66,0,0,0,1,1
SH Johnson ,GT,2024,5,3,3,6,5,not out,0,7,85.71,0,0,0,1,0
SH Johnson ,KKR,2025,4,2,2,2,1,not out,0,4,50,0,0,0,0,0
Shahbaz Ahmed ,LSG,2025,1,1,0,9,9,out,9,8,112.5,0,0,0,1,0
Shahbaz Ahmed ,RCB,2020,2,1,1,1,1,not out,0,1,100,0,0,0,0,0
Shahbaz Ahmed ,RCB,2021,11,7,0,59,14,out,8.42,53,111.32,0,0,0,4,2
Shahbaz Ahmed ,RCB,2022,16,11,3,219,45,out,27.37,181,120.99,0,0,0,14,9
Shahbaz Ahmed ,RCB,2023,10,6,2,42,20,not out,10.5,39,107.69,0,0,0,3,1
Shahbaz Ahmed ,SRH,2024,16,12,3,215,59,not out,23.88,166,129.51,0,1,1,7,13
Shakib Al Hasan ,KKR,2021,8,6,1,47,26,out,9.4,48,97.91,0,0,2,3,1
Shashank Singh ,PBKS,2024,14,14,6,354,68,not out,44.25,215,164.65,0,2,2,28,21
Shashank Singh ,PBKS,2025,12,9,5,214,52,not out,53.5,150,142.66,0,1,0,15,9
Shashank Singh ,SRH,2022,10,5,1,69,25,not out,17.25,47,146.8,0,0,0,5,4
Shivam Mavi ,KKR,2020,8,3,1,10,9,out,5,14,71.42,0,0,1,1,0
Shivam Mavi ,KKR,2021,9,2,0,25,20,out,12.5,20,125,0,0,0,2,2
Shubman Gill ,GT,2022,16,16,2,483,96,out,34.5,365,132.32,0,4,2,51,11
Shubman Gill ,GT,2023,17,17,2,890,129,out,59.33,564,157.8,3,4,1,85,33
Shubman Gill ,GT,2024,12,12,1,426,104,out,38.72,289,147.4,1,2,0,37,15
Shubman Gill ,GT,2025,11,11,1,508,90,out,50.8,333,152.55,0,5,0,51,16
Shubman Gill ,KKR,2020,14,14,1,440,70,not out,33.84,373,117.96,0,3,0,44,9
Shubman Gill ,KKR,2021,17,17,0,478,57,out,28.11,402,118.9,0,3,1,50,12
Sikandar Raza ,PBKS,2023,7,7,2,139,57,out,27.8,98,141.83,0,1,0,10,6
Sikandar Raza ,PBKS,2024,2,2,0,43,28,out,21.5,38,113.15,0,0,0,2,2
Simarjeet Singh ,CSK,2022,6,3,2,7,3,not out,7,8,87.5,0,0,0,0,0
Simarjeet Singh ,SRH,2025,4,3,1,3,3,not out,1.5,7,42.85,0,0,2,0,0
SK Raina ,CSK,2021,12,11,2,160,54,out,17.77,128,125,0,1,0,13,9
SK Rasheed ,CSK,2025,5,5,0,71,27,out,14.2,63,112.69,0,0,1,9,2
SM Curran ,CSK,2020,14,11,3,186,52,out,23.25,141,131.91,0,1,2,12,12
SM Curran ,CSK,2021,9,4,1,56,34,out,18.66,29,193.1,0,0,0,5,3
SM Curran ,CSK,2025,5,5,0,114,88,out,22.8,84,135.71,0,1,0,11,4
SM Curran ,PBKS,2023,14,13,3,276,55,out,27.6,203,135.96,0,1,0,20,13
SM Curran ,PBKS,2024,13,12,2,270,63,not out,27,219,123.28,0,2,1,24,6
SN Khan ,DC,2022,6,5,2,91,36,not out,30.33,67,135.82,0,0,0,9,2
SN Khan ,DC,2023,4,4,0,53,30,out,13.25,62,85.48,0,0,0,4,1
SN Khan ,PBKS,2020,5,3,1,33,14,not out,16.5,29,113.79,0,0,0,5,0
SN Khan ,PBKS,2021,2,2,0,0,0,out,0,4,0,0,0,2,0,0
SN Thakur ,CSK,2020,9,2,1,12,11,out,12,21,57.14,0,0,0,0,0
SN Thakur ,CSK,2021,16,4,2,5,3,not out,2.5,5,100,0,0,1,0,0
SN Thakur ,CSK,2024,9,3,2,21,17,out,21,17,123.52,0,0,0,2,1
SN Thakur ,DC,2022,14,10,2,120,29,not out,15,87,137.93,0,0,0,7,7
SN Thakur ,KKR,2023,11,10,2,113,68,out,14.12,70,161.42,0,1,2,13,4
SN Thakur ,LSG,2025,9,4,2,14,6,out,7,11,127.27,0,0,1,2,0
SO Hetmyer ,DC,2020,12,11,3,185,45,out,23.12,125,148,0,0,0,11,12
SO Hetmyer ,DC,2021,14,13,6,242,53,not out,34.57,144,168.05,0,1,0,19,12
SO Hetmyer ,RR,2022,15,15,8,314,59,not out,44.85,204,153.92,0,1,0,21,21
SO Hetmyer ,RR,2023,14,13,5,299,56,not out,37.37,197,151.77,0,1,0,12,23
SO Hetmyer ,RR,2024,12,9,4,113,27,not out,22.6,69,163.76,0,0,1,9,7
SO Hetmyer ,RR,2025,12,11,1,216,52,out,21.6,147,146.93,0,1,1,15,10
SP Goswami ,SRH,2020,2,2,0,0,0,out,0,4,0,0,0,2,0,0
SP Jackson ,KKR,2022,5,5,1,23,8,out,5.75,26,88.46,0,0,1,0,1
SP Narine ,KKR,2020,10,9,0,121,64,out,13.44,85,142.35,0,1,2,10,8
SP Narine ,KKR,2021,14,10,2,62,26,out,7.75,47,131.91,0,0,3,3,5
SP Narine ,KKR,2022,14,10,2,71,22,out,8.87,40,177.5,0,0,3,6,6
SP Narine ,KKR,2023,14,10,3,21,7,not out,3,25,84,0,0,3,2,1
SP Narine ,KKR,2024,15,14,0,488,109,out,34.85,270,180.74,1,3,1,50,33
SP Narine ,KKR,2025,11,11,1,215,44,out,21.5,128,167.96,0,0,1,22,16
SPD Smith ,DC,2021,8,7,1,152,39,out,25.33,135,112.59,0,0,0,13,2
SPD Smith ,RR,2020,14,14,2,311,69,out,25.91,237,131.22,0,3,0,32,9
SR Watson ,CSK,2020,11,11,1,299,83,not out,29.9,247,121.05,0,2,0,33,13
SS Cottrell ,PBKS,2020,6,1,0,0,0,out,0,2,0,0,0,1,0,0
SS Iyer ,DC,2020,17,17,2,519,88,not out,34.6,421,123.27,0,3,0,40,16
SS Iyer ,DC,2021,8,8,3,175,47,not out,35,171,102.33,0,0,0,7,5
SS Iyer ,KKR,2022,14,14,1,401,85,out,30.84,298,134.56,0,3,0,41,11
SS Iyer ,KKR,2024,15,14,5,351,58,not out,39,239,146.86,0,2,1,34,14
SS Iyer ,PBKS,2025,12,11,3,405,97,not out,50.62,224,180.8,0,4,1,27,27
SS Prabhudessai ,RCB,2022,5,5,0,67,34,out,13.4,59,113.55,0,0,0,7,2
SS Prabhudessai ,RCB,2023,5,4,0,35,19,out,8.75,29,120.68,0,0,1,1,2
SS Prabhudessai ,RCB,2024,1,1,0,24,24,out,24,18,133.33,0,0,0,3,0
SS Tiwary ,MI,2020,7,5,0,103,42,out,20.6,80,128.75,0,0,0,8,3
SS Tiwary ,MI,2021,5,4,2,115,50,not out,57.5,97,118.55,0,1,0,10,2
Sumit Kumar ,DC,2024,4,3,1,18,9,not out,9,24,75,0,0,0,2,1
Suryansh Shedge ,PBKS,2025,5,3,0,7,4,out,2.33,11,63.63,0,0,0,0,0
SV Samson ,RR,2020,14,14,1,375,85,out,28.84,236,158.89,0,3,2,21,26
SV Samson ,RR,2021,14,14,2,484,119,out,40.33,354,136.72,1,2,0,45,17
SV Samson ,RR,2022,17,17,1,458,55,out,28.62,312,146.79,0,2,0,43,26
SV Samson ,RR,2023,14,14,2,362,66,not out,30.16,236,153.38,0,3,2,25,24
SV Samson ,RR,2024,16,15,4,531,86,out,48.27,346,153.46,0,5,1,48,24
SV Samson ,RR,2025,7,7,1,224,66,out,37.33,156,143.58,0,1,0,23,10
SW Billings ,KKR,2022,8,8,1,169,36,out,24.14,138,122.46,0,0,0,9,10
Swapnil Singh ,RCB,2024,7,5,3,37,15,not out,18.5,21,176.19,0,0,1,3,3
T Banton ,KKR,2020,2,2,0,18,10,out,9,20,90,0,0,0,1,1
T Kohler0Cadmore ,RR,2024,4,3,0,48,20,out,16,54,88.88,0,0,0,7,1
T Natarajan ,SRH,2020,16,3,3,3,3,not out,0,5,60,0,0,0,0,0
T Natarajan ,SRH,2021,2,1,1,0,0,not out,0,0,0,0,0,0,0,0
T Shamsi ,RR,2021,1,1,1,2,2,not out,0,4,50,0,0,0,0,0
T Stubbs ,DC,2024,14,13,6,378,71,not out,54,198,190.9,0,3,1,24,26
T Stubbs ,DC,2025,12,10,5,259,41,not out,51.8,171,151.46,0,0,0,23,9
T Stubbs ,MI,2023,2,2,0,25,20,out,12.5,31,80.64,0,0,0,2,0
TA Boult ,MI,2020,15,1,0,0,0,out,0,1,0,0,0,1,0,0
TA Boult ,MI,2021,14,4,4,1,1,not out,0,4,25,0,0,0,0,0
TA Boult ,MI,2025,12,2,1,2,1,not out,2,3,66.66,0,0,0,0,0
TA Boult ,RR,2022,16,8,6,40,17,not out,20,29,137.93,0,0,0,2,1
TA Boult ,RR,2023,10,4,3,16,15,out,16,14,114.28,0,0,0,1,1
TA Boult ,RR,2024,16,5,3,14,12,out,7,16,87.5,0,0,1,2,0
TG Southee ,KKR,2021,3,1,0,3,3,out,3,5,60,0,0,0,0,0
TH David ,MI,2022,8,8,3,186,46,out,37.2,86,216.27,0,0,0,12,16
TH David ,MI,2023,16,15,6,231,45,not out,25.66,146,158.21,0,0,2,12,15
TH David ,MI,2024,13,11,3,241,45,not out,30.12,152,158.55,0,0,1,14,15
TH David ,RCB,2021,1,1,0,1,1,out,1,3,33.33,0,0,0,0,0
TH David ,RCB,2025,11,8,6,186,50,not out,93,96,193.75,0,1,0,16,14
TK Curran ,DC,2021,3,2,1,21,21,out,21,17,123.52,0,0,0,2,0
TK Curran ,RR,2020,5,4,3,83,54,not out,83,62,133.87,0,1,0,5,3
TK Kotian ,RR,2024,1,1,0,24,24,out,24,31,77.41,0,0,0,3,0
TL Seifert ,DC,2022,2,2,0,24,21,out,12,19,126.31,0,0,0,4,0
TL Seifert ,KKR,2021,1,1,0,2,2,out,2,4,50,0,0,0,0,0
TM Head ,SRH,2024,15,15,1,567,102,out,40.5,296,191.55,1,4,3,64,32
TM Head ,SRH,2025,11,10,0,281,67,out,28.1,180,156.11,0,2,1,41,9
TU Deshpande ,DC,2020,5,2,1,21,20,not out,21,12,175,0,0,0,2,1
TU Deshpande ,RR,2025,8,4,3,7,3,out,7,8,87.5,0,0,0,0,0
UM Patel ,CSK,2025,1,1,0,31,31,out,31,11,281.81,0,0,0,1,4
Umran Malik ,SRH,2022,14,4,3,4,3,not out,4,8,50,0,0,1,0,0
Umran Malik ,SRH,2023,8,2,1,19,19,not out,19,8,237.5,0,0,1,1,2
UT Yadav ,GT,2024,7,2,1,12,10,not out,12,15,80,0,0,0,0,1
UT Yadav ,KKR,2022,12,7,3,55,21,out,13.75,40,137.5,0,0,2,4,4
UT Yadav ,KKR,2023,8,5,3,19,6,not out,9.5,18,105.55,0,0,0,1,0
UT Yadav ,RCB,2020,2,1,0,0,0,out,0,2,0,0,0,1,0,0
V Kohli ,RCB,2020,15,15,4,466,90,not out,42.36,384,121.35,0,3,0,23,11
V Kohli ,RCB,2021,15,15,1,405,72,not out,28.92,339,119.46,0,3,0,43,9
V Kohli ,RCB,2022,16,16,1,341,73,out,22.73,294,115.98,0,2,3,32,8
V Kohli ,RCB,2023,14,14,2,639,101,not out,53.25,457,139.82,2,6,1,65,16
V Kohli ,RCB,2024,15,15,3,741,113,not out,61.75,479,154.69,1,5,0,62,38
V Kohli ,RCB,2025,11,11,3,505,73,not out,63.12,352,143.46,0,7,0,44,18
V Nigam ,DC,2025,11,7,1,122,39,out,20.33,68,179.41,0,0,1,12,7
V Shankar ,CSK,2025,6,5,2,118,69,not out,39.33,91,129.67,0,1,0,8,3
V Shankar ,GT,2022,4,4,0,19,13,out,4.75,35,54.28,0,0,1,1,0
V Shankar ,GT,2023,14,10,2,301,63,not out,37.62,188,160.1,0,3,0,27,15
V Shankar ,GT,2024,7,7,2,83,17,out,16.6,72,115.27,0,0,0,7,2
V Shankar ,SRH,2020,7,5,1,97,52,not out,24.25,96,101.04,0,1,1,10,1
V Shankar ,SRH,2021,7,5,0,58,28,out,11.6,52,111.53,0,0,0,1,3
V Suryavanshi ,RR,2025,5,5,0,155,101,out,31,74,209.45,1,0,1,10,16
V Viyaskanth ,SRH,2024,3,1,1,7,7,not out,0,5,140,0,0,0,0,0
V Vyshak ,RCB,2023,7,2,1,13,13,not out,13,9,144.44,0,0,1,0,1
VG Arora ,KKR,2023,5,2,2,3,2,not out,0,2,150,0,0,0,0,0
VG Arora ,KKR,2025,11,1,0,0,0,out,0,7,0,0,0,1,0,0
VG Arora ,PBKS,2022,5,4,2,5,2,not out,2.5,13,38.46,0,0,1,0,0
Virat Singh ,SRH,2021,3,2,0,15,11,out,7.5,26,57.69,0,0,0,1,0
Vishnu Vinod ,MI,2023,3,3,0,37,30,out,12.33,31,119.35,0,0,0,2,2
Vivrant Sharma ,SRH,2023,3,1,0,69,69,out,69,47,146.8,0,1,0,9,2
VR Aaron ,RR,2020,3,2,1,1,1,out,1,10,10,0,0,0,0,0
VR Iyer ,KKR,2021,10,10,1,370,67,out,41.11,288,128.47,0,4,0,37,14
VR Iyer ,KKR,2022,12,12,1,182,50,not out,16.54,169,107.69,0,1,1,17,7
VR Iyer ,KKR,2023,14,14,0,404,104,out,28.85,277,145.84,1,2,1,32,21
VR Iyer ,KKR,2024,15,13,5,370,70,out,46.25,233,158.79,0,4,0,35,19
VR Iyer ,KKR,2025,11,7,0,142,60,out,20.28,102,139.21,0,1,0,15,4
Washington Sundar ,GT,2025,5,4,0,85,49,out,21.25,56,151.78,0,0,0,5,4
Washington Sundar ,RCB,2020,15,9,3,111,30,out,18.5,95,116.84,0,0,0,10,2
Washington Sundar ,RCB,2021,6,4,0,31,10,out,7.75,47,65.95,0,0,0,2,0
Washington Sundar ,SRH,2022,9,7,0,101,40,out,14.42,69,146.37,0,0,0,9,3
Washington Sundar ,SRH,2023,7,5,1,60,24,not out,15,60,100,0,0,0,6,0
WG Jacks ,MI,2025,11,9,1,195,53,out,24.37,151,129.13,0,1,0,17,9
WG Jacks ,RCB,2024,8,8,1,230,100,not out,32.85,131,175.57,1,1,0,16,18
WP Saha ,GT,2022,11,11,1,317,68,out,31.7,259,122.39,0,3,1,40,7
WP Saha ,GT,2023,17,17,1,371,81,out,23.18,287,129.26,0,2,2,47,8
WP Saha ,GT,2024,9,9,0,136,39,out,15.11,115,118.26,0,0,0,18,3
WP Saha ,SRH,2020,4,4,1,214,87,out,71.33,153,139.86,0,2,0,24,5
WP Saha ,SRH,2021,9,9,0,131,44,out,14.55,140,93.57,0,0,1,7,5
XC Bartlett ,PBKS,2025,3,1,0,11,11,out,11,15,73.33,0,0,0,1,0
Yash Dayal ,RCB,2025,11,1,0,0,0,out,0,1,0,0,0,1,0,0
YBK Jaiswal ,RR,2020,3,3,0,40,34,out,13.33,44,90.9,0,0,1,2,2
YBK Jaiswal ,RR,2021,10,10,0,249,50,out,24.9,168,148.21,0,1,1,32,10
YBK Jaiswal ,RR,2022,10,10,0,258,68,out,25.8,194,132.98,0,2,0,28,10
YBK Jaiswal ,RR,2023,14,14,1,625,124,out,48.07,382,163.61,1,5,1,82,26
YBK Jaiswal ,RR,2024,16,15,1,435,104,not out,31.07,279,155.91,1,1,1,54,16
YBK Jaiswal ,RR,2025,12,12,1,473,75,out,43,306,154.57,0,5,0,46,25
YS Chahal ,RCB,2020,15,2,1,1,1,out,1,3,33.33,0,0,0,0,0
YS Chahal ,RCB,2021,15,2,2,10,8,not out,0,27,37.03,0,0,0,0,0
YS Chahal ,RR,2022,17,2,1,5,5,out,5,8,62.5,0,0,0,0,0
Yudhvir Singh ,LSG,2024,2,2,0,21,14,out,10.5,14,150,0,0,0,1,2
YV Dhull ,DC,2023,4,3,0,16,13,out,5.33,23,69.56,0,0,0,1,0