Player,Team,Year,Mat,Inns,Balls,Overs,Mdns,Runs,Wkts,BBI,Ave,Econ,SR,4,5
A Badoni ,LSG,2022,13,2,12,2,-,11,2,01-May,5.5,5.5,6,-,-
A Kamboj ,MI,2024,3,3,60,10,-,114,2,Jan-24,57,11.4,30,-,-
A Kamboj ,CSK,2025,6,6,96,16,-,138,4,Jan-16,34.5,8.62,24,-,-
A Madhwal ,MI,2023,8,8,153,25.3,-,219,14,05-May,15.64,8.58,10.92,1,1
A Madhwal ,MI,2024,5,5,109,18.1,-,205,5,Mar-20,41,11.28,21.8,-,-
A Mishra ,DC,2020,3,3,60,10,-,72,3,Feb-35,24,7.2,20,-,-
A Mishra ,DC,2021,4,4,84,14,-,109,6,Apr-24,18.16,7.78,14,1,-
A Mishra ,LSG,2023,7,7,114,19,-,149,7,Feb-21,21.28,7.84,16.28,-,-
A Mishra ,LSG,2024,1,1,12,2,-,20,1,Jan-20,20,10,12,-,-
A Nortje ,DC,2020,16,16,366,61,-,512,22,Mar-33,23.27,8.39,16.63,-,-
A Nortje ,DC,2021,8,8,182,30.2,1,187,12,02-Dec,15.58,6.16,15.16,-,-
A Nortje ,DC,2022,6,6,134,22.2,-,217,9,Mar-42,24.11,9.71,14.88,-,-
A Nortje ,DC,2023,10,10,240,40,-,364,10,Feb-20,36.4,9.1,24,-,-
A Nortje ,DC,2024,6,6,132,22,-,294,7,Mar-59,42,13.36,18.85,-,-
A Nortje ,KKR,2025,1,1,18,3,-,23,1,Jan-23,23,7.66,18,-,-
A Zampa ,RCB,2020,3,3,66,11,-,92,2,01-Dec,46,8.36,33,-,-
A Zampa ,RR,2023,6,6,132,22,-,188,8,Mar-22,23.5,8.54,16.5,-,-
A Zampa ,SRH,2025,2,2,48,8,-,94,2,Jan-46,47,11.75,24,-,-
Abdul Samad ,SRH,2020,12,3,42,7,-,96,1,Jan-41,96,13.71,42,-,-
Abdul Samad ,SRH,2021,11,1,6,1,-,9,1,01-Sep,9,9,6,-,-
Abhishek Sharma ,SRH,2020,8,6,60,10,-,91,2,Jan-15,45.5,9.1,30,-,-
Abhishek Sharma ,SRH,2021,8,6,60,10,-,64,4,02-Apr,16,6.4,15,-,-
Abhishek Sharma ,SRH,2023,11,5,72,12,-,124,2,Jan-26,62,10.33,36,-,-
Abhishek Sharma ,SRH,2024,16,4,42,7,-,51,2,Feb-24,25.5,7.28,21,-,-
AD Russell ,KKR,2020,10,7,108,18,-,175,6,Feb-29,29.16,9.72,18,-,-
AD Russell ,KKR,2021,10,8,114,19,-,188,11,May-15,17.09,9.89,10.36,-,1
AD Russell ,KKR,2022,14,13,169,28.1,-,278,17,04-May,16.35,9.86,9.94,1,-
AD Russell ,KKR,2023,14,9,91,15.1,-,172,7,Mar-22,24.57,11.34,13,-,-
AD Russell ,KKR,2024,15,14,176,29.2,-,295,19,Mar-19,15.52,10.05,9.26,-,-
AD Russell ,KKR,2025,12,8,97,16.1,-,183,8,Feb-21,22.87,11.31,12.12,-,-
AF Milne ,MI,2021,4,4,84,14,-,131,3,Feb-21,43.66,9.35,28,-,-
AJ Tye ,RR,2020,1,1,24,4,-,50,1,Jan-50,50,12.5,24,-,-
AJ Tye ,LSG,2022,3,3,66,11,-,107,2,Feb-40,53.5,9.72,33,-,-
AK Markram ,LSG,2025,11,4,60,10,-,88,4,Feb-30,22,8.8,15,-,-
Akash Deep ,RCB,2022,5,5,113,18.5,1,205,5,Mar-45,41,10.88,22.6,-,-
Akash Deep ,RCB,2024,1,1,21,3.3,-,55,1,Jan-55,55,15.71,21,-,-
Akash Deep ,LSG,2025,4,4,72,12,-,147,3,Feb-55,49,12.25,24,-,-
Akash Singh ,CSK,2023,6,6,114,19,-,188,5,Feb-40,37.6,9.89,22.8,-,-
Akash Singh ,LSG,2025,1,1,24,4,-,30,2,Feb-30,15,7.5,12,-,-
AR Patel ,DC,2020,15,15,306,51,-,327,9,Feb-18,36.33,6.41,34,-,-
AR Patel ,DC,2021,12,12,276,46,-,306,15,Mar-21,20.4,6.65,18.4,-,-
AR Patel ,DC,2022,13,13,258,43,-,321,6,02-Oct,53.5,7.46,43,-,-
AR Patel ,DC,2023,14,13,282,47,-,338,11,Feb-13,30.72,7.19,25.63,-,-
AR Patel ,DC,2024,14,14,264,44,-,337,11,Feb-25,30.63,7.65,24,-,-
AR Patel ,DC,2025,12,11,198,33,-,278,5,Feb-19,55.6,8.42,39.6,-,-
Arshad Khan ,MI,2023,6,6,85,14.1,-,190,5,Mar-39,38,13.41,17,-,-
Arshad Khan ,GT,2025,6,6,84,14,-,132,4,Jan-17,33,9.42,21,-,-
Arshdeep Singh ,PBKS,2020,8,8,149,24.5,1,218,9,Mar-23,24.22,8.77,16.55,-,-
Arshdeep Singh ,PBKS,2021,12,12,248,41.2,-,342,18,May-32,19,8.27,13.77,-,1
Arshdeep Singh ,PBKS,2022,14,14,300,50,-,385,10,Mar-37,38.5,7.7,30,-,-
Arshdeep Singh ,PBKS,2023,14,14,305,50.5,-,493,17,Apr-29,29,9.69,17.94,1,-
Arshdeep Singh ,PBKS,2024,14,14,302,50.2,-,505,19,Apr-29,26.57,10.03,15.89,1,-
Arshdeep Singh ,PBKS,2025,12,10,218,36.2,1,291,16,Mar-16,18.18,8,13.62,-,-
AS Joseph ,GT,2022,9,9,180,30,-,264,7,Feb-34,37.71,8.8,25.71,-,-
AS Joseph ,GT,2023,7,7,144,24,-,225,7,Feb-27,32.14,9.37,20.57,-,-
AS Rajpoot ,RR,2020,6,6,102,17,-,199,2,Jan-39,99.5,11.7,51,-,-
AS Roy ,KKR,2022,2,2,42,7,-,55,1,Jan-28,55,7.85,42,-,-
AS Roy ,KKR,2023,4,3,48,8,-,65,3,Feb-19,21.66,8.12,16,-,-
AS Roy ,KKR,2025,1,1,24,4,-,27,1,Jan-27,27,6.75,24,-,-
AS Tendulkar ,MI,2023,4,4,59,9.5,-,92,3,01-Sep,30.66,9.35,19.66,-,-
Ashwani Kumar ,MI,2025,4,4,72,12,-,133,8,Apr-24,16.62,11.08,9,1,-
AU Rashid ,SRH,2023,2,2,42,7,-,56,2,Feb-23,28,8,21,-,-
Avesh Khan ,DC,2021,16,16,366,61,-,450,24,Mar-13,18.75,7.37,15.25,-,-
Avesh Khan ,LSG,2022,13,13,286,47.4,1,416,18,Apr-24,23.11,8.72,15.88,1,-
Avesh Khan ,LSG,2023,9,9,174,29,-,283,8,Mar-25,35.37,9.75,21.75,-,-
Avesh Khan ,RR,2024,16,15,329,54.5,-,526,19,Mar-27,27.68,9.59,17.31,-,-
Avesh Khan ,LSG,2025,10,10,225,37.3,-,379,10,Mar-37,37.9,10.1,22.5,-,-
Azmatullah Omarzai ,GT,2024,7,7,126,21,-,186,4,Feb-27,46.5,8.85,31.5,-,-
Azmatullah Omarzai ,PBKS,2025,5,3,60,10,-,101,3,Feb-33,33.66,10.1,20,-,-
B Kumar ,SRH,2020,4,4,85,14.1,-,99,3,Feb-25,33,6.98,28.33,-,-
B Kumar ,SRH,2021,11,11,252,42,1,335,6,Jan-16,55.83,7.97,42,-,-
B Kumar ,SRH,2022,14,14,313,52.1,2,383,12,Mar-22,31.91,7.34,26.08,-,-
B Kumar ,SRH,2023,14,14,306,51,1,425,16,May-30,26.56,8.33,19.12,-,1
B Kumar ,SRH,2024,16,16,342,57,2,533,11,Mar-41,48.45,9.35,31.09,-,-
B Kumar ,RCB,2025,10,10,228,38,-,339,12,Mar-33,28.25,8.92,19,-,-
BA Stokes ,RR,2020,8,6,90,15,-,154,2,Feb-32,77,10.26,45,-,-
Basil Thampi ,SRH,2020,1,1,24,4,-,46,1,Jan-46,46,11.5,24,-,-
Basil Thampi ,MI,2022,5,5,96,16,1,152,5,Mar-35,30.4,9.5,19.2,-,-
C Bosch ,MI,2025,3,2,42,7,-,55,1,Jan-26,55,7.85,42,-,-
C Green ,MI,2023,16,16,228,38,-,361,6,Feb-41,60.16,9.5,38,-,-
C Green ,RCB,2024,13,13,211,35.1,-,303,10,02-Dec,30.3,8.61,21.1,-,-
C Sakariya ,RR,2021,14,14,312,52,1,426,14,Mar-31,30.42,8.19,22.28,-,-
C Sakariya ,DC,2022,3,3,66,11,-,84,3,Feb-23,28,7.63,22,-,-
C Sakariya ,DC,2023,2,2,48,8,-,89,3,Feb-53,29.66,11.12,16,-,-
CH Morris ,RCB,2020,9,9,190,31.4,1,210,11,Apr-26,19.09,6.63,17.27,1,-
CH Morris ,RR,2021,11,11,246,41,-,376,15,Apr-23,25.06,9.17,16.4,1,-
CJ Jordan ,PBKS,2020,9,9,189,31.3,-,304,9,Mar-17,33.77,9.65,21,-,-
CJ Jordan ,PBKS,2021,4,4,72,12,-,96,4,Feb-20,24,8,18,-,-
CJ Jordan ,CSK,2022,4,4,77,12.5,-,135,2,Feb-23,67.5,10.51,38.5,-,-
CJ Jordan ,MI,2023,6,6,132,22,1,237,3,01-Jul,79,10.77,44,-,-
CR Woakes ,DC,2021,3,3,66,11,-,82,5,Feb-18,16.4,7.45,13.2,-,-
CV Varun ,KKR,2020,13,13,312,52,-,356,17,May-20,20.94,6.84,18.35,-,1
CV Varun ,KKR,2021,17,17,408,68,-,448,18,Mar-13,24.88,6.58,22.66,-,-
CV Varun ,KKR,2022,11,11,234,39,-,332,6,Jan-22,55.33,8.51,39,-,-
CV Varun ,KKR,2023,14,14,316,52.4,1,429,20,Apr-15,21.45,8.14,15.8,1,-
CV Varun ,KKR,2024,15,14,300,50,-,402,21,Mar-16,19.14,8.04,14.28,-,-
CV Varun ,KKR,2025,12,12,282,47,-,329,17,Mar-22,19.35,7,16.58,-,-
D Brevis ,MI,2022,7,1,3,0.3,-,8,1,01-Aug,8,16,3,-,-
D Pretorius ,CSK,2022,6,6,126,21,-,210,6,Feb-30,35,10,21,-,-
DG Nalkande ,GT,2022,2,2,31,5.1,-,59,2,Feb-37,29.5,11.41,15.5,-,-
DG Nalkande ,GT,2024,3,3,29,4.5,-,45,3,Feb-21,15,9.31,9.66,-,-
DJ Bravo ,CSK,2020,6,6,126,21,-,180,6,Mar-37,30,8.57,21,-,-
DJ Bravo ,CSK,2021,11,11,202,33.4,-,263,14,Mar-24,18.78,7.81,14.42,-,-
DJ Bravo ,CSK,2022,10,10,206,34.2,1,299,16,Mar-20,18.68,8.7,12.87,-,-
DJ Hooda ,PBKS,2021,12,7,96,16,-,136,2,Jan-15,68,8.5,48,-,-
DJ Hooda ,LSG,2022,15,2,24,4,-,43,1,Jan-31,43,10.75,24,-,-
DJ Mitchell ,CSK,2024,13,2,36,6,-,70,1,Jan-18,70,11.66,36,-,-
DJ Willey ,RCB,2023,4,4,90,15,1,105,3,Feb-16,35,7,30,-,-
DL Chahar ,CSK,2020,14,14,312,52,2,396,12,Feb-18,33,7.61,26,-,-
DL Chahar ,CSK,2021,15,15,324,54,1,451,14,Apr-13,32.21,8.35,23.14,2,-
DL Chahar ,CSK,2023,10,10,204,34,-,297,13,Mar-22,22.84,8.73,15.69,-,-
DL Chahar ,CSK,2024,8,8,141,23.3,-,202,5,Feb-28,40.4,8.59,28.2,-,-
DL Chahar ,MI,2025,12,12,210,35,-,326,10,02-Dec,32.6,9.31,21,-,-
DR Sams ,RCB,2021,2,2,36,6,-,39,1,Jan-24,39,6.5,36,-,-
DR Sams ,MI,2022,11,11,252,42,-,370,13,Apr-30,28.46,8.8,19.38,1,-
DS Rathi ,LSG,2025,11,11,264,44,-,356,12,Feb-30,29.66,8.09,22,-,-
DT Christian ,RCB,2021,9,9,100,16.4,-,155,4,Feb-14,38.75,9.3,25,-,-
DW Steyn ,RCB,2020,3,3,70,11.4,-,133,1,Jan-33,133,11.4,70,-,-
E Malinga ,SRH,2025,4,4,90,15,-,142,6,Feb-36,23.66,9.46,15,-,-
FA Allen ,PBKS,2021,4,3,66,11,1,90,1,Jan-22,90,8.18,66,-,-
FA Allen ,MI,2022,1,1,24,4,-,46,1,Jan-46,46,11.5,24,-,-
Fazalhaq Farooqi ,SRH,2022,3,3,72,12,-,110,2,Feb-32,55,9.16,36,-,-
Fazalhaq Farooqi ,SRH,2023,4,4,80,13.2,-,117,4,Feb-41,29.25,8.77,20,-,-
G Coetzee ,MI,2024,10,10,201,33.3,-,341,13,Apr-34,26.23,10.17,15.46,1,-
G Coetzee ,GT,2025,2,2,36,6,-,46,2,01-Oct,23,7.66,18,-,-
GD Phillips ,RR,2021,3,2,12,2,-,20,1,Jan-17,20,10,12,-,-
GD Phillips ,SRH,2023,5,2,18,3,-,20,1,01-Oct,20,6.66,18,-,-
GHS Garton ,RCB,2021,5,5,90,15,-,135,3,Jan-27,45,9,30,-,-
GJ Maxwell ,PBKS,2020,13,7,126,21,-,169,3,01-Oct,56.33,8.04,42,-,-
GJ Maxwell ,RCB,2021,15,6,96,16,-,135,3,Feb-23,45,8.43,32,-,-
GJ Maxwell ,RCB,2022,13,10,144,24,1,165,6,Feb-22,27.5,6.87,24,-,-
GJ Maxwell ,RCB,2023,14,7,62,10.2,-,94,3,01-Mar,31.33,9.09,20.66,-,-
GJ Maxwell ,RCB,2024,10,6,96,16,-,129,6,Feb-23,21.5,8.06,16,-,-
GJ Maxwell ,PBKS,2025,7,6,78,13,-,110,4,01-May,27.5,8.46,19.5,-,-
Harpreet Brar ,PBKS,2021,7,7,138,23,1,139,5,Mar-19,27.8,6.04,27.6,-,-
Harpreet Brar ,PBKS,2022,5,5,96,16,-,146,4,Mar-26,36.5,9.12,24,-,-
Harpreet Brar ,PBKS,2023,13,11,163,27.1,-,218,9,Apr-30,24.22,8.02,18.11,1,-
Harpreet Brar ,PBKS,2024,13,13,228,38,-,303,7,Feb-13,43.28,7.97,32.57,-,-
Harpreet Brar ,PBKS,2025,4,3,48,8,-,73,4,Feb-25,18.25,9.12,12,-,-
Harshit Rana ,KKR,2022,2,2,30,5,-,51,1,Jan-24,51,10.2,30,-,-
Harshit Rana ,KKR,2023,6,6,102,17,-,147,5,Feb-33,29.4,8.64,20.4,-,-
Harshit Rana ,KKR,2024,13,11,253,42.1,1,383,19,Mar-24,20.15,9.08,13.31,-,-
Harshit Rana ,KKR,2025,12,12,246,41,-,408,15,Mar-25,27.2,9.95,16.4,-,-
HH Pandya ,GT,2022,15,10,183,30.3,-,222,8,Mar-17,27.75,7.27,22.87,-,-
HH Pandya ,GT,2023,16,11,150,25,-,228,3,01-Oct,76,9.12,50,-,-
HH Pandya ,MI,2024,14,12,216,36,-,387,11,Mar-31,35.18,10.75,19.63,-,-
HH Pandya ,MI,2025,11,11,168,28,-,257,13,May-36,19.76,9.17,12.92,-,1
HR Shokeen ,MI,2022,5,5,90,15,-,127,2,Feb-47,63.5,8.46,45,-,-
HR Shokeen ,MI,2023,8,8,114,19,-,187,3,Feb-34,62.33,9.84,38,-,-
HV Patel ,DC,2020,5,5,90,15,-,134,3,Feb-34,44.66,8.93,30,-,-
HV Patel ,RCB,2021,15,15,338,56.2,-,459,32,May-27,14.34,8.14,10.56,1,1
HV Patel ,RCB,2022,15,15,321,53.3,2,410,19,Apr-34,21.57,7.66,16.89,1,-
HV Patel ,RCB,2023,14,13,282,47,-,454,14,Mar-32,32.42,9.65,20.14,-,-
HV Patel ,PBKS,2024,14,14,294,49,-,477,24,Mar-15,19.87,9.73,12.25,-,-
HV Patel ,SRH,2025,10,10,204,34,-,321,14,Apr-28,22.92,9.44,14.57,2,-
I Sharma ,DC,2021,3,3,72,12,2,97,1,Jan-26,97,8.08,72,-,-
I Sharma ,DC,2023,8,8,150,25,-,206,10,Feb-19,20.6,8.24,15,-,-
I Sharma ,DC,2024,9,9,162,27,-,265,10,Mar-34,26.5,9.81,16.2,-,-
I Sharma ,GT,2025,7,7,110,18.2,-,205,4,Jan-18,51.25,11.18,27.5,-,-
I Udana ,RCB,2020,10,10,174,29,-,282,8,Feb-41,35.25,9.72,21.75,-,-
IC Porel ,PBKS,2021,1,1,24,4,-,39,1,Jan-39,39,9.75,24,-,-
Imran Tahir ,CSK,2020,3,3,66,11,-,76,1,Jan-24,76,6.9,66,-,-
Imran Tahir ,CSK,2021,1,1,24,4,-,16,2,Feb-16,8,4,12,-,-
J Suchith ,SRH,2022,5,5,108,18,-,140,7,02-Dec,20,7.77,15.42,-,-
J Yadav ,MI,2020,2,2,42,7,-,43,1,Jan-25,43,6.14,42,-,-
J Yadav ,MI,2021,5,5,102,17,-,130,2,Jan-25,65,7.64,51,-,-
JA Richardson ,PBKS,2021,3,3,66,11,-,117,3,Feb-41,39,10.63,22,-,-
JB Little ,GT,2023,10,10,204,34,-,294,7,Feb-25,42,8.64,29.14,-,-
JB Little ,GT,2024,1,1,24,4,-,45,4,Apr-45,11.25,11.25,6,1,-
JC Archer ,RR,2020,14,14,334,55.4,-,365,20,Mar-19,18.25,6.55,16.7,-,-
JC Archer ,MI,2023,5,5,120,20,-,190,2,Jan-35,95,9.5,60,-,-
JC Archer ,RR,2025,12,12,273,45.3,1,431,11,Mar-25,39.18,9.47,24.81,-,-
JD Unadkat ,RR,2020,7,7,138,23,-,228,4,Feb-32,57,9.91,34.5,-,-
JD Unadkat ,RR,2021,6,6,132,22,-,168,4,Mar-15,42,7.63,33,-,-
JD Unadkat ,MI,2022,5,5,120,20,-,190,6,Feb-32,31.66,9.5,20,-,-
JD Unadkat ,SRH,2024,11,11,187,31.1,-,319,8,Mar-30,39.87,10.23,23.37,-,-
JD Unadkat ,SRH,2025,5,5,95,15.5,-,110,7,Mar-35,15.71,6.94,13.57,-,-
JDS Neesham ,PBKS,2020,5,5,90,15,-,148,2,Jan-17,74,9.86,45,-,-
JDS Neesham ,MI,2021,3,3,54,9,-,66,5,03-Dec,13.2,7.33,10.8,-,-
JJ Bumrah ,MI,2020,15,15,360,60,2,404,27,Apr-14,14.96,6.73,13.33,2,-
JJ Bumrah ,MI,2021,14,14,330,55,-,410,21,Mar-36,19.52,7.45,15.71,-,-
JJ Bumrah ,MI,2022,14,14,320,53.2,2,383,15,05-Oct,25.53,7.18,21.33,-,1
JJ Bumrah ,MI,2024,13,13,311,51.5,-,336,20,May-21,16.8,6.48,15.55,-,1
JJ Bumrah ,MI,2025,8,8,192,32,-,214,13,Apr-22,16.46,6.68,14.76,1,-
JL Pattinson ,MI,2020,10,10,213,35.3,-,320,11,Feb-19,29.09,9.01,19.36,-,-
JO Holder ,SRH,2020,7,7,168,28,-,233,14,Mar-25,16.64,8.32,12,-,-
JO Holder ,SRH,2021,8,8,191,31.5,-,247,16,Apr-52,15.43,7.75,11.93,1,-
JO Holder ,LSG,2022,12,12,249,41.3,-,391,14,Mar-31,27.92,9.42,17.78,-,-
JO Holder ,RR,2023,8,8,171,28.3,-,284,4,Feb-29,71,9.96,42.75,-,-
JP Behrendorff ,MI,2023,12,12,252,42,-,387,14,Mar-23,27.64,9.21,18,-,-
JR Hazlewood ,CSK,2020,3,3,60,10,-,64,1,Jan-19,64,6.4,60,-,-
JR Hazlewood ,CSK,2021,9,9,210,35,-,293,11,Mar-24,26.63,8.37,19.09,-,-
JR Hazlewood ,RCB,2022,12,12,279,46.3,1,377,20,Apr-25,18.85,8.1,13.95,1,-
JR Hazlewood ,RCB,2023,3,3,54,9,-,76,3,Feb-15,25.33,8.44,18,-,-
JR Hazlewood ,RCB,2025,10,10,221,36.5,-,311,18,Apr-33,17.27,8.44,12.27,1,-
K Gowtham ,PBKS,2020,2,2,48,8,-,84,1,Jan-45,84,10.5,48,-,-
K Gowtham ,LSG,2022,4,4,72,12,1,99,5,Feb-30,19.8,8.25,14.4,-,-
K Gowtham ,LSG,2023,7,6,96,16,-,118,3,01-Oct,39.33,7.37,32,-,-
K Kartikeya ,MI,2022,4,4,78,13,-,102,5,Feb-22,20.4,7.84,15.6,-,-
K Kartikeya ,MI,2023,8,8,156,26,-,227,5,Feb-37,45.4,8.73,31.2,-,-
K Kartikeya ,RR,2025,4,4,48,8,-,78,2,Jan-21,39,9.75,24,-,-
K Khejroliya ,KKR,2023,2,2,26,4.2,-,64,2,Feb-44,32,14.76,13,-,-
K Khejroliya ,GT,2025,1,1,18,3,-,29,1,Jan-29,29,9.66,18,-,-
K Nitish Kumar Reddy ,SRH,2024,13,7,79,13.1,-,153,3,Feb-17,51,11.62,26.33,-,-
K Rabada ,DC,2020,17,17,394,65.4,1,548,30,Apr-24,18.26,8.34,13.13,2,-
K Rabada ,DC,2021,15,15,336,56,1,456,15,Mar-36,30.4,8.14,22.4,-,-
K Rabada ,PBKS,2022,13,13,288,48,-,406,23,Apr-33,17.65,8.45,12.52,2,-
K Rabada ,PBKS,2023,6,6,138,23,-,232,7,Feb-34,33.14,10.08,19.71,-,-
K Rabada ,PBKS,2024,11,11,252,42,-,372,11,Feb-18,33.81,8.85,22.9,-,-
K Rabada ,GT,2025,2,2,48,8,-,83,2,Jan-41,41.5,10.37,24,-,-
K Yadav ,RR,2023,2,2,42,7,-,68,2,Jan-18,34,9.71,21,-,-
KA Jamieson ,RCB,2021,9,9,168,28,-,269,9,Mar-41,29.88,9.6,18.66,-,-
KA Maharaj ,RR,2024,2,2,36,6,-,39,2,Feb-23,19.5,6.5,18,-,-
KA Pollard ,MI,2020,16,11,126,21,-,190,4,01-May,47.5,9.04,31.5,-,-
KA Pollard ,MI,2021,14,9,79,13.1,-,95,5,02-Aug,19,7.21,15.8,-,-
KA Pollard ,MI,2022,11,6,84,14,-,125,4,02-Aug,31.25,8.92,21,-,-
Kartik Tyagi ,RR,2020,10,10,229,38.1,-,367,9,Feb-36,40.77,9.61,25.44,-,-
Kartik Tyagi ,RR,2021,4,4,84,14,-,124,4,Feb-29,31,8.85,21,-,-
KH Pandya ,MI,2020,16,16,301,50.1,-,380,6,Feb-26,63.33,7.57,50.16,-,-
KH Pandya ,MI,2021,13,12,199,33.1,-,265,5,Jan-13,53,7.98,39.8,-,-
KH Pandya ,LSG,2022,14,12,228,38,1,265,10,Mar-19,26.5,6.97,22.8,-,-
KH Pandya ,LSG,2023,15,12,252,42,-,313,9,Mar-18,34.77,7.45,28,-,-
KH Pandya ,LSG,2024,14,12,198,33,-,255,6,03-Nov,42.5,7.72,33,-,-
KH Pandya ,RCB,2025,11,11,210,35,-,300,14,Apr-45,21.42,8.57,15,1,-
KK Ahmed ,SRH,2020,7,7,154,25.4,-,242,8,Feb-24,30.25,9.42,19.25,-,-
KK Ahmed ,SRH,2021,7,7,162,27,-,219,5,Mar-21,43.8,8.11,32.4,-,-
KK Ahmed ,DC,2022,10,10,235,39.1,-,315,16,Mar-25,19.68,8.04,14.68,-,-
KK Ahmed ,DC,2023,9,9,198,33,2,301,9,Feb-24,33.44,9.12,22,-,-
KK Ahmed ,DC,2024,14,14,300,50,2,479,17,Feb-21,28.17,9.58,17.64,-,-
KK Ahmed ,CSK,2025,12,12,244,40.4,-,395,14,Mar-29,28.21,9.71,17.42,-,-
KL Nagarkoti ,KKR,2020,10,9,156,26,-,231,5,Feb-13,46.2,8.88,31.2,-,-
KM Asif ,CSK,2021,1,1,13,2.1,-,18,1,Jan-18,18,8.3,13,-,-
KM Asif ,RR,2023,4,4,84,14,-,138,3,Feb-42,46,9.85,28,-,-
KR Sen ,RR,2022,7,7,151,25.1,-,237,8,Apr-20,29.62,9.41,18.87,1,-
KR Sen ,RR,2024,3,3,72,12,-,122,6,Mar-41,20.33,10.16,12,-,-
KT Maphaka ,MI,2024,2,2,36,6,-,89,1,Jan-23,89,14.83,36,-,-
Kuldeep Yadav ,KKR,2020,5,4,72,12,-,92,1,Jan-20,92,7.66,72,-,-
Kuldeep Yadav ,DC,2022,14,14,298,49.4,-,419,21,Apr-14,19.95,8.43,14.19,2,-
Kuldeep Yadav ,DC,2023,14,14,294,49,1,361,10,Feb-15,36.1,7.36,29.4,-,-
Kuldeep Yadav ,DC,2024,11,11,258,43,-,372,16,Apr-55,23.25,8.65,16.12,1,-
Kuldeep Yadav ,DC,2025,12,11,246,41,-,292,12,Mar-22,24.33,7.12,20.5,-,-
KV Sharma ,CSK,2020,5,5,114,19,-,165,5,Feb-25,33,8.68,22.8,-,-
KV Sharma ,RCB,2023,7,7,129,21.3,-,223,10,Feb-19,22.3,10.37,12.9,-,-
KV Sharma ,RCB,2024,9,9,144,24,-,254,7,Feb-29,36.28,10.58,20.57,-,-
KV Sharma ,MI,2025,5,4,72,12,-,97,6,Mar-23,16.16,8.08,12,-,-
KW Richardson ,RCB,2021,1,1,18,3,-,29,1,Jan-29,29,9.66,18,-,-
L Ngidi ,CSK,2020,4,4,96,16,-,167,9,Mar-38,18.55,10.43,10.66,-,-
L Ngidi ,CSK,2021,3,3,72,12,-,125,5,Mar-28,25,10.41,14.4,-,-
L Ngidi ,RCB,2025,1,1,24,4,-,30,3,Mar-30,10,7.5,8,-,-
L Wood ,MI,2024,2,2,36,6,-,93,1,Jan-68,93,15.5,36,-,-
Lalit Yadav ,DC,2021,7,5,84,14,-,101,4,Feb-13,25.25,7.21,21,-,-
Lalit Yadav ,DC,2022,12,8,108,18,-,150,4,02-Nov,37.5,8.33,27,-,-
Lalit Yadav ,DC,2023,6,4,78,13,-,118,2,Jan-29,59,9.07,39,-,-
LB Williams ,DC,2024,2,2,36,6,-,72,1,Jan-38,72,12,36,-,-
LH Ferguson ,KKR,2020,5,5,119,19.5,-,148,6,Mar-15,24.66,7.46,19.83,-,-
LH Ferguson ,KKR,2021,8,8,180,30,-,224,13,Mar-18,17.23,7.46,13.84,-,-
LH Ferguson ,GT,2022,13,13,286,47.4,-,427,12,Apr-28,35.58,8.95,23.83,1,-
LH Ferguson ,RCB,2024,7,7,144,24,-,255,9,Feb-23,28.33,10.62,16,-,-
LH Ferguson ,PBKS,2025,4,4,68,11.2,-,104,5,Feb-37,20.8,9.17,13.6,-,-
LI Meriwala ,DC,2021,1,1,18,3,-,32,1,Jan-32,32,10.66,18,-,-
LS Livingstone ,PBKS,2022,14,12,138,23,-,202,6,Mar-27,33.66,8.78,23,-,-
LS Livingstone ,PBKS,2023,9,5,42,7,-,94,2,Jan-19,47,13.42,21,-,-
LS Livingstone ,PBKS,2024,7,4,72,12,-,84,3,Feb-19,28,7,24,-,-
LS Livingstone ,RCB,2025,7,5,54,9,-,76,2,Feb-28,38,8.44,27,-,-
M Ashwin ,PBKS,2020,9,9,189,31.3,-,235,10,Mar-21,23.5,7.46,18.9,-,-
M Ashwin ,PBKS,2021,3,3,66,11,-,97,1,Jan-32,97,8.81,66,-,-
M Ashwin ,MI,2022,8,8,174,29,-,228,9,Feb-14,25.33,7.86,19.33,-,-
M Jansen ,MI,2021,2,2,36,6,-,45,2,Feb-28,22.5,7.5,18,-,-
M Jansen ,SRH,2022,8,8,192,32,-,274,7,Mar-25,39.14,8.56,27.42,-,-
M Jansen ,SRH,2023,8,8,162,27,1,267,10,Feb-16,26.7,9.88,16.2,-,-
M Jansen ,PBKS,2025,12,11,217,36.1,-,318,11,Mar-17,28.9,8.79,19.72,-,-
M Markande ,MI,2022,2,2,42,7,-,57,1,Jan-26,57,8.14,42,-,-
M Markande ,SRH,2023,10,10,228,38,-,300,12,Apr-15,25,7.89,19,1,-
M Markande ,SRH,2024,7,7,132,22,-,259,8,Feb-26,32.37,11.77,16.5,-,-
M Pathirana ,CSK,2022,2,2,41,6.5,-,52,2,Feb-24,26,7.6,20.5,-,-
M Pathirana ,CSK,2023,12,12,278,46.2,-,371,19,Mar-15,19.52,8,14.63,-,-
M Pathirana ,CSK,2024,6,6,132,22,-,169,13,Apr-28,13,7.68,10.15,1,-
M Pathirana ,CSK,2025,10,10,220,36.4,-,373,12,Mar-36,31.08,10.17,18.33,-,-
M Prasidh Krishna ,KKR,2020,6,6,105,17.3,-,164,4,Mar-29,41,9.37,26.25,-,-
M Prasidh Krishna ,KKR,2021,10,10,231,38.3,-,351,12,Mar-30,29.25,9.11,19.25,-,-
M Prasidh Krishna ,RR,2022,17,17,399,66.3,3,551,19,Mar-22,29,8.28,21,-,-
M Prasidh Krishna ,GT,2025,11,11,258,43,-,329,20,Apr-41,16.45,7.65,12.9,1,-
M Siddharth ,LSG,2024,3,3,54,9,-,71,1,Jan-21,71,7.88,54,-,-
M Siddharth ,LSG,2025,2,2,42,7,-,67,2,Feb-39,33.5,9.57,21,-,-
M Theekshana ,CSK,2022,9,9,210,35,-,261,12,Apr-33,21.75,7.45,17.5,1,-
M Theekshana ,CSK,2023,13,13,294,49,1,392,11,Feb-23,35.63,8,26.72,-,-
M Theekshana ,CSK,2024,5,5,120,20,-,144,2,Jan-27,72,7.2,60,-,-
M Theekshana ,RR,2025,11,11,252,42,-,410,11,Feb-26,37.27,9.76,22.9,-,-
MA Starc ,KKR,2024,14,13,251,41.5,-,444,17,Apr-33,26.11,10.61,14.76,1,-
MA Starc ,DC,2025,12,11,228,38,-,389,14,May-35,27.78,10.23,16.28,-,1
MA Wood ,LSG,2023,4,4,96,16,1,130,11,May-14,11.81,8.12,8.72,-,1
MC Henriques ,PBKS,2021,5,5,60,10,-,45,4,03-Dec,11.25,4.5,15,-,-
MG Bracewell ,RCB,2023,5,5,66,11,-,95,6,Feb-13,15.83,8.63,11,-,-
MJ Henry ,LSG,2024,4,4,72,12,-,110,1,Jan-28,110,9.16,72,-,-
MJ Santner ,CSK,2020,2,2,42,7,-,53,2,Jan-23,26.5,7.57,21,-,-
MJ Santner ,CSK,2022,6,6,114,19,-,130,4,Jan-15,32.5,6.84,28.5,-,-
MJ Santner ,CSK,2023,3,3,72,12,-,81,3,Feb-28,27,6.75,24,-,-
MJ Santner ,CSK,2024,3,3,54,9,-,64,2,01-Oct,32,7.11,27,-,-
MJ Santner ,MI,2025,9,9,171,28.3,-,236,4,Feb-43,59,8.28,42.75,-,-
MK Lomror ,RR,2021,4,4,42,7,-,47,1,Jan-22,47,6.71,42,-,-
MM Ali ,RCB,2020,3,3,30,5,-,42,1,Jan-21,42,8.4,30,-,-
MM Ali ,CSK,2021,15,10,152,25.2,-,161,6,03-Jul,26.83,6.35,25.33,-,-
MM Ali ,CSK,2022,10,10,143,23.5,-,158,8,Mar-13,19.75,6.62,17.87,-,-
MM Ali ,CSK,2023,15,11,156,26,-,195,9,Apr-26,21.66,7.5,17.33,1,-
MM Ali ,CSK,2024,8,4,48,8,-,71,2,Feb-23,35.5,8.87,24,-,-
MM Ali ,KKR,2025,6,5,96,16,1,136,6,Feb-23,22.66,8.5,16,-,-
MM Sharma ,DC,2020,1,1,24,4,-,45,1,Jan-45,45,11.25,24,-,-
MM Sharma ,GT,2023,14,14,265,44.1,-,361,27,05-Oct,13.37,8.17,9.81,2,1
MM Sharma ,GT,2024,12,11,234,39,-,425,13,Mar-25,32.69,10.89,18,-,-
MM Sharma ,DC,2025,7,7,126,21,-,210,2,01-Oct,105,10,63,-,-
Mohammad Nabi ,SRH,2021,3,3,48,8,-,86,2,Feb-32,43,10.75,24,-,-
Mohammad Nabi ,MI,2024,7,6,74,12.2,-,109,2,Jan-16,54.5,8.83,37,-,-
Mohammed Shami ,PBKS,2020,14,14,322,53.4,-,460,20,Mar-15,23,8.57,16.1,-,-
Mohammed Shami ,PBKS,2021,14,14,316,52.4,1,395,19,Mar-21,20.78,7.5,16.63,-,-
Mohammed Shami ,GT,2022,16,16,366,61,-,488,20,Mar-25,24.4,8,18.3,-,-
Mohammed Shami ,GT,2023,17,17,390,65,2,522,28,04-Nov,18.64,8.03,13.92,2,-
Mohammed Shami ,SRH,2025,9,9,180,30,-,337,6,Feb-28,56.16,11.23,30,-,-
Mohammed Siraj ,RCB,2020,9,9,163,27.1,2,236,11,03-Aug,21.45,8.68,14.81,-,-
Mohammed Siraj ,RCB,2021,15,15,312,52,1,353,11,Mar-27,32.09,6.78,28.36,-,-
Mohammed Siraj ,RCB,2022,15,15,306,51,-,514,9,Feb-30,57.11,10.07,34,-,-
Mohammed Siraj ,RCB,2023,14,14,300,50,-,375,19,Apr-21,19.73,7.5,15.78,1,-
Mohammed Siraj ,RCB,2024,14,14,324,54,-,496,15,Mar-43,33.06,9.18,21.6,-,-
Mohammed Siraj ,GT,2025,11,11,246,41,-,369,15,Apr-17,24.6,9,16.4,1,-
Mohsin Khan ,LSG,2022,9,9,198,33,2,197,14,Apr-16,14.07,5.96,14.14,1,-
Mohsin Khan ,LSG,2023,5,4,60,10,-,107,3,Jan-24,35.66,10.7,20,-,-
Mohsin Khan ,LSG,2024,10,10,228,38,-,385,10,Feb-29,38.5,10.13,22.8,-,-
MP Stoinis ,DC,2020,17,13,178,29.4,-,283,13,Mar-26,21.76,9.53,13.69,-,-
MP Stoinis ,DC,2021,10,8,67,11.1,-,117,2,01-Jul,58.5,10.47,33.5,-,-
MP Stoinis ,LSG,2022,11,5,42,7,-,79,4,Mar-23,19.75,11.28,10.5,-,-
MP Stoinis ,LSG,2023,15,5,65,10.5,-,100,5,Feb-20,20,9.23,13,-,-
MP Stoinis ,LSG,2024,14,7,84,14,-,126,4,01-Mar,31.5,9,21,-,-
MP Yadav ,LSG,2024,4,4,73,12.1,-,85,7,Mar-14,12.14,6.98,10.42,-,-
MP Yadav ,LSG,2025,2,2,48,8,-,100,2,Feb-40,50,12.5,24,-,-
MR Marsh ,DC,2022,8,4,72,12,-,102,4,Feb-25,25.5,8.5,18,-,-
MR Marsh ,DC,2023,9,8,121,20.1,1,170,12,Apr-27,14.16,8.42,10.08,1,-
MR Marsh ,DC,2024,4,3,48,8,-,103,1,Jan-37,103,12.87,48,-,-
Mujeeb Ur Rahman ,SRH,2021,1,1,24,4,-,29,2,Feb-29,14.5,7.25,12,-,-
Mujeeb Ur Rahman ,MI,2025,1,1,12,2,-,28,1,Jan-28,28,14,12,-,-
Mukesh Choudhary ,CSK,2022,13,13,273,45.3,-,424,16,Apr-46,26.5,9.31,17.06,1,-
Mukesh Choudhary ,CSK,2025,2,2,36,6,-,71,1,Jan-21,71,11.83,36,-,-
Mukesh Kumar ,DC,2023,10,10,186,31,-,326,7,Feb-30,46.57,10.51,26.57,-,-
Mukesh Kumar ,DC,2024,10,10,213,35.3,-,368,17,Mar-14,21.64,10.36,12.52,-,-
Mukesh Kumar ,DC,2025,10,10,189,31.3,1,311,9,Apr-33,34.55,9.87,21,1,-
Mustafizur Rahman ,RR,2021,14,14,311,51.5,-,436,14,Mar-20,31.14,8.41,22.21,-,-
Mustafizur Rahman ,DC,2022,8,8,192,32,-,244,8,Mar-18,30.5,7.62,24,-,-
Mustafizur Rahman ,CSK,2024,9,9,206,34.2,1,318,14,Apr-29,22.71,9.26,14.71,1,-
N Burger ,RR,2024,6,5,102,17,-,145,7,Feb-29,20.71,8.52,14.57,-,-
N Rana ,KKR,2023,14,6,53,8.5,-,75,3,Feb-17,25,8.49,17.66,-,-
N Thushara ,MI,2024,7,7,156,26,-,257,8,Mar-28,32.12,9.88,19.5,-,-
NA Saini ,RCB,2020,13,13,274,45.4,1,379,6,Feb-25,63.16,8.29,45.66,-,-
NA Saini ,RR,2022,2,2,36,6,-,72,3,Feb-36,24,12,12,-,-
NA Saini ,RR,2023,2,2,36,6,-,74,3,Mar-40,24.66,12.33,12,-,-
Naveen-ul-Haq ,LSG,2023,8,7,168,28,-,219,11,Apr-38,19.9,7.82,15.27,1,-
Naveen-ul-Haq ,LSG,2024,10,10,219,36.3,-,372,14,Mar-49,26.57,10.19,15.64,-,-
NM Coulter-Nile ,MI,2020,7,7,156,26,-,206,5,Feb-29,41.2,7.92,31.2,-,-
NM Coulter-Nile ,MI,2021,5,5,120,20,-,127,7,Apr-14,18.14,6.35,17.14,1,-
Noor Ahmad ,GT,2023,13,13,283,47.1,-,369,16,Mar-37,23.06,7.82,17.68,-,-
Noor Ahmad ,GT,2024,10,10,209,34.5,-,290,8,Feb-20,36.25,8.32,26.12,-,-
Noor Ahmad ,CSK,2025,12,12,258,43,-,345,20,Apr-18,17.25,8.02,12.9,2,-
NT Ellis ,PBKS,2021,3,3,66,11,-,90,1,01-Dec,90,8.18,66,-,-
NT Ellis ,PBKS,2022,2,2,36,6,-,55,3,Mar-40,18.33,9.16,12,-,-
NT Ellis ,PBKS,2023,10,10,228,38,-,339,13,Apr-30,26.07,8.92,17.53,1,-
NT Ellis ,PBKS,2024,1,1,24,4,-,24,1,Jan-24,24,6,24,-,-
NT Ellis ,CSK,2025,1,1,24,4,-,38,1,Jan-38,38,9.5,24,-,-
OC McCoy ,RR,2022,7,7,155,25.5,-,237,11,Mar-23,21.54,9.17,14.09,-,-
OF Smith ,PBKS,2022,6,6,90,15,-,178,6,Apr-30,29.66,11.86,15,1,-
P Dubey ,DC,2023,1,1,18,3,-,19,1,Jan-19,19,6.33,18,-,-
PH Solanki ,CSK,2022,2,2,36,6,-,38,2,Feb-20,19,6.33,18,-,-
PHKD Mendis ,SRH,2025,4,4,42,7,-,60,2,01-Apr,30,8.57,21,-,-
PJ Cummins ,KKR,2020,14,14,312,52,-,409,12,Apr-34,34.08,7.86,26,1,-
PJ Cummins ,KKR,2021,7,7,161,26.5,-,237,9,Mar-24,26.33,8.83,17.88,-,-
PJ Cummins ,KKR,2022,5,5,119,19.5,-,212,7,Mar-22,30.28,10.68,17,-,-
PJ Cummins ,SRH,2024,16,16,366,61,1,566,18,Mar-43,31.44,9.27,20.33,-,-
PJ Cummins ,SRH,2025,11,11,238,39.4,-,363,13,Mar-19,27.92,9.15,18.3,-,-
PJ Sangwan ,GT,2022,3,3,54,9,-,65,3,Feb-19,21.66,7.22,18,-,-
PP Chawla ,CSK,2020,7,7,126,21,-,191,6,Feb-33,31.83,9.09,21,-,-
PP Chawla ,MI,2021,1,1,24,4,-,38,1,Jan-38,38,9.5,24,-,-
PP Chawla ,MI,2023,16,16,366,61,-,495,22,Mar-22,22.5,8.11,16.63,-,-
PP Chawla ,MI,2024,11,11,210,35,-,312,13,Mar-29,24,8.91,16.15,-,-
Prince Yadav ,LSG,2025,6,6,137,22.5,-,225,3,Jan-29,75,9.85,45.66,-,-
PVD Chameera ,LSG,2022,12,12,264,44,-,384,9,Feb-17,42.66,8.72,29.33,-,-
PVD Chameera ,DC,2025,5,4,66,11,-,122,3,Jan-24,40.66,11.09,22,-,-
PVSN Raju ,MI,2025,2,2,24,4,-,53,1,Jan-40,53,13.25,24,-,-
PW Hasaranga ,RCB,2022,16,16,342,57,1,430,26,May-18,16.53,7.54,13.15,1,1
PW Hasaranga ,RCB,2023,8,8,174,29,-,258,9,Feb-24,28.66,8.89,19.33,-,-
PW Hasaranga ,RR,2025,9,9,204,34,-,311,10,Apr-35,31.1,9.14,20.4,1,-
R Ashwin ,DC,2020,15,15,306,51,-,391,13,Mar-29,30.07,7.66,23.53,-,-
R Ashwin ,DC,2021,13,13,268,44.4,-,331,7,Feb-27,47.28,7.41,38.28,-,-
R Ashwin ,RR,2022,17,17,402,67,-,503,12,Mar-17,41.91,7.5,33.5,-,-
R Ashwin ,RR,2023,13,13,294,49,-,368,14,Feb-23,26.28,7.51,21,-,-
R Ashwin ,RR,2024,15,14,330,55,-,467,9,Mar-24,51.88,8.49,36.66,-,-
R Ashwin ,CSK,2025,8,8,162,27,-,242,5,Feb-48,48.4,8.96,32.4,-,-
R Dhawan ,PBKS,2022,6,6,114,19,-,156,6,Feb-36,26,8.21,19,-,-
R Parag ,RR,2021,11,6,37,6.1,-,73,1,01-Jul,73,11.83,37,-,-
R Parag ,RR,2022,17,4,24,4,-,59,1,01-Dec,59,14.75,24,-,-
R Parag ,RR,2025,12,7,90,15,-,118,2,01-Dec,59,7.86,45,-,-
R Powell ,DC,2023,3,1,12,2,-,18,1,Jan-18,18,9,12,-,-
R Sai Kishore ,GT,2022,5,5,96,16,-,121,6,02-Jul,20.16,7.56,16,-,-
R Sai Kishore ,GT,2024,5,5,90,15,-,137,7,Apr-33,19.57,9.13,12.85,1,-
R Sai Kishore ,GT,2025,11,11,177,29.3,-,247,14,Mar-30,17.64,8.37,12.64,-,-
R Shepherd ,SRH,2022,3,3,54,9,-,98,3,Feb-42,32.66,10.88,18,-,-
R Shepherd ,RCB,2025,4,3,24,4,-,51,1,Jan-18,51,12.75,24,-,-
R Tewatia ,RR,2020,14,14,276,46,-,326,10,Mar-25,32.6,7.08,27.6,-,-
R Tewatia ,RR,2021,14,13,222,37,-,340,8,Mar-39,42.5,9.18,27.75,-,-
RA Jadeja ,CSK,2020,14,13,218,36.2,-,318,6,Feb-42,53,8.75,36.33,-,-
RA Jadeja ,CSK,2021,16,16,294,49,1,346,13,Mar-13,26.61,7.06,22.61,-,-
RA Jadeja ,CSK,2022,10,10,198,33,-,248,5,Mar-39,49.6,7.51,39.6,-,-
RA Jadeja ,CSK,2023,16,16,342,57,-,431,20,Mar-20,21.55,7.56,17.1,-,-
RA Jadeja ,CSK,2024,14,14,282,47,-,369,8,Mar-18,46.12,7.85,35.25,-,-
RA Jadeja ,CSK,2025,12,12,197,32.5,-,280,8,Feb-24,35,8.52,24.62,-,-
Ramandeep Singh ,MI,2022,5,3,36,6,-,54,6,Mar-20,9,9,6,-,-
Rashid Khan ,SRH,2020,16,16,384,64,1,344,20,03-Jul,17.2,5.37,19.2,-,-
Rashid Khan ,SRH,2021,14,14,336,56,-,375,18,Mar-36,20.83,6.69,18.66,-,-
Rashid Khan ,GT,2022,16,16,383,63.5,-,421,19,Apr-24,22.15,6.59,20.15,1,-
Rashid Khan ,GT,2023,17,17,402,67,-,552,27,Apr-30,20.44,8.23,14.88,1,-
Rashid Khan ,GT,2024,12,12,262,43.4,-,367,10,Feb-38,36.7,8.4,26.2,-,-
Rashid Khan ,GT,2025,11,11,246,41,-,373,8,Feb-25,46.62,9.09,30.75,-,-
Rasikh Salam ,DC,2024,8,8,147,24.3,-,269,9,Mar-34,29.88,10.97,16.33,-,-
Rasikh Salam ,RCB,2025,2,2,36,6,-,70,1,Jan-35,70,11.66,36,-,-
Ravi Bishnoi ,PBKS,2020,14,14,306,51,1,376,12,Mar-29,31.33,7.37,25.5,-,-
Ravi Bishnoi ,PBKS,2021,9,9,216,36,-,230,12,Mar-24,19.16,6.38,18,-,-
Ravi Bishnoi ,LSG,2022,14,14,324,54,-,456,13,Feb-22,35.07,8.44,24.92,-,-
Ravi Bishnoi ,LSG,2023,15,14,303,50.3,-,391,16,Mar-28,24.43,7.74,18.93,-,-
Ravi Bishnoi ,LSG,2024,14,14,262,43.4,-,383,10,Feb-25,38.3,8.77,26.2,-,-
Ravi Bishnoi ,LSG,2025,10,10,216,36,-,375,9,Feb-18,41.66,10.41,24,-,-
RD Chahar ,MI,2020,15,15,318,53,-,433,15,Feb-18,28.86,8.16,21.2,-,-
RD Chahar ,MI,2021,11,11,258,43,-,318,13,Apr-27,24.46,7.39,19.84,1,-
RD Chahar ,PBKS,2022,13,13,280,46.4,1,360,14,Mar-25,25.71,7.71,20,-,-
RD Chahar ,PBKS,2023,14,14,298,49.4,-,385,8,Feb-16,48.12,7.75,37.25,-,-
RD Chahar ,PBKS,2024,9,9,186,31,-,279,10,Mar-23,27.9,9,18.6,-,-
RJ Gleeson ,CSK,2024,2,2,47,7.5,-,71,1,Jan-30,71,9.06,47,-,-
RJW Topley ,RCB,2023,1,1,12,2,-,14,1,Jan-14,14,7,12,-,-
RJW Topley ,RCB,2024,4,4,90,15,-,168,4,Feb-27,42,11.2,22.5,-,-
RP Meredith ,PBKS,2021,5,5,102,17,-,169,4,Jan-29,42.25,9.94,25.5,-,-
RP Meredith ,MI,2022,8,8,168,28,-,236,8,Feb-24,29.5,8.42,21,-,-
RP Meredith ,MI,2023,5,5,118,19.4,-,207,7,Feb-33,29.57,10.52,16.85,-,-
RS Hangargekar ,CSK,2023,2,2,36,6,-,60,3,Mar-36,20,10,12,-,-
S Dube ,RCB,2020,11,5,54,9,-,73,4,Feb-15,18.25,8.11,13.5,-,-
S Dube ,CSK,2024,14,1,6,1,-,14,1,Jan-14,14,14,6,-,-
S Gopal ,RR,2020,14,14,300,50,-,427,10,Feb-28,42.7,8.54,30,-,-
S Gopal ,SRH,2022,1,1,18,3,-,34,1,Jan-34,34,11.33,18,-,-
S Gopal ,MI,2024,3,3,42,7,-,67,3,01-Sep,22.33,9.57,14,-,-
S Kaul ,SRH,2020,1,1,24,4,-,64,2,Feb-64,32,16,12,-,-
S Kaul ,SRH,2021,8,8,180,30,1,247,7,Feb-31,35.28,8.23,25.71,-,-
S Nadeem ,SRH,2020,7,7,132,22,-,178,5,Feb-19,35.6,8.09,26.4,-,-
S Nadeem ,SRH,2021,1,1,24,4,-,36,1,Jan-36,36,9,24,-,-
S Sandeep Warrier ,GT,2024,5,5,66,11,-,119,6,Mar-15,19.83,10.81,11,-,-
SA Abbott ,SRH,2022,1,1,24,4,-,47,1,Jan-47,47,11.75,24,-,-
Sandeep Sharma ,SRH,2020,13,13,312,52,-,374,14,Mar-34,26.71,7.19,22.28,-,-
Sandeep Sharma ,SRH,2021,7,7,141,23.3,-,203,3,Jan-20,67.66,8.63,47,-,-
Sandeep Sharma ,PBKS,2022,5,5,120,20,-,153,2,Jan-18,76.5,7.65,60,-,-
Sandeep Sharma ,RR,2023,12,12,276,46,-,396,10,Feb-25,39.6,8.6,27.6,-,-
Sandeep Sharma ,RR,2024,11,10,228,38,-,311,13,May-18,23.92,8.18,17.53,-,1
Sandeep Sharma ,RR,2025,10,10,219,36.3,-,361,9,Feb-21,40.11,9.89,24.33,-,-
SH Johnson ,GT,2024,5,5,96,16,-,151,4,Feb-25,37.75,9.43,24,-,-
SH Johnson ,KKR,2025,4,4,68,11.2,-,133,1,Jan-42,133,11.73,68,-,-
Shahbaz Ahmed ,RCB,2020,2,2,36,6,-,44,2,Feb-26,22,7.33,18,-,-
Shahbaz Ahmed ,RCB,2021,11,6,84,14,-,92,7,03-Jul,13.14,6.57,12,-,-
Shahbaz Ahmed ,RCB,2022,16,14,210,35,-,336,4,Feb-26,84,9.6,52.5,-,-
Shahbaz Ahmed ,SRH,2024,16,15,165,27.3,-,270,7,Mar-23,38.57,9.81,23.57,-,-
Shakib Al Hasan ,KKR,2021,8,8,156,26,-,187,4,01-Jan,46.75,7.19,39,-,-
Shashank Singh ,PBKS,2024,14,1,6,1,-,5,1,01-May,5,5,6,-,-
Shivam Mavi ,KKR,2020,8,8,156,26,2,212,9,Feb-15,23.55,8.15,17.33,-,-
Shivam Mavi ,KKR,2021,9,9,193,32.1,-,233,11,Apr-21,21.18,7.24,17.54,1,-
Shivam Mavi ,KKR,2022,6,6,132,22,-,227,5,Jan-33,45.4,10.31,26.4,-,-
Sikandar Raza ,PBKS,2023,7,6,72,12,-,119,3,Jan-19,39.66,9.91,24,-,-
Simarjeet Singh ,CSK,2022,6,6,108,18,-,138,4,Feb-27,34.5,7.66,27,-,-
Simarjeet Singh ,CSK,2024,4,4,72,12,-,121,5,Mar-26,24.2,10.08,14.4,-,-
Simarjeet Singh ,SRH,2025,4,4,60,10,-,141,2,Feb-46,70.5,14.1,30,-,-
SM Curran ,CSK,2020,14,13,252,42,-,344,13,Mar-19,26.46,8.19,19.38,-,-
SM Curran ,CSK,2021,9,9,198,33,-,328,9,Mar-34,36.44,9.93,22,-,-
SM Curran ,PBKS,2023,14,14,287,47.5,-,489,10,Mar-31,48.9,10.22,28.7,-,-
SM Curran ,PBKS,2024,13,13,246,41,-,416,16,Mar-28,26,10.14,15.37,-,-
SM Curran ,CSK,2025,5,5,72,12,-,133,1,Jan-34,133,11.08,72,-,-
SN Thakur ,CSK,2020,9,9,194,32.2,-,275,10,Feb-28,27.5,8.5,19.4,-,-
SN Thakur ,CSK,2021,16,16,359,59.5,1,527,21,Mar-28,25.09,8.8,17.09,-,-
SN Thakur ,DC,2022,14,14,290,48.2,1,473,15,Apr-36,31.53,9.78,19.33,1,-
SN Thakur ,KKR,2023,11,9,126,21,-,220,7,Feb-23,31.42,10.47,18,-,-
SN Thakur ,CSK,2024,9,9,190,31.4,-,309,5,Feb-61,61.8,9.75,38,-,-
SN Thakur ,LSG,2025,9,9,180,30,-,336,12,Apr-34,28,11.2,15,1,-
SP Narine ,KKR,2020,10,10,228,38,-,302,5,Feb-28,60.4,7.94,45.6,-,-
SP Narine ,KKR,2021,14,14,336,56,-,361,16,Apr-21,22.56,6.44,21,1,-
SP Narine ,KKR,2022,14,14,336,56,-,312,9,Feb-21,34.66,5.57,37.33,-,-
SP Narine ,KKR,2023,14,14,288,48,-,383,11,Mar-33,34.81,7.97,26.18,-,-
SP Narine ,KKR,2024,15,14,330,55,-,368,17,Feb-22,21.64,6.69,19.41,-,-
SP Narine ,KKR,2025,11,11,246,41,-,309,10,Mar-13,30.9,7.53,24.6,-,-
SS Cottrell ,PBKS,2020,6,6,120,20,1,176,6,Feb-17,29.33,8.8,20,-,-
Suyash Sharma ,KKR,2023,11,11,234,39,-,321,10,Mar-30,32.1,8.23,23.4,-,-
Suyash Sharma ,RCB,2025,10,10,234,39,-,322,4,Feb-26,80.5,8.25,58.5,-,-
Swapnil Singh ,RCB,2024,7,7,90,15,-,133,6,Feb-28,22.16,8.86,15,-,-
T Natarajan ,SRH,2020,16,16,377,62.5,1,504,16,Feb-24,31.5,8.02,23.56,-,-
T Natarajan ,SRH,2021,2,2,48,8,-,69,2,Jan-32,34.5,8.62,24,-,-
T Natarajan ,SRH,2022,11,11,258,43,-,406,18,03-Oct,22.55,9.44,14.33,-,-
T Natarajan ,SRH,2023,12,12,270,45,-,410,10,Feb-23,41,9.11,27,-,-
T Natarajan ,SRH,2024,14,14,308,51.2,1,465,19,Apr-19,24.47,9.05,16.21,1,-
T Natarajan ,DC,2025,2,1,7,1.1,-,4,1,01-Apr,4,3.42,7,-,-
T Stubbs ,MI,2023,2,1,12,2,-,14,1,Jan-14,14,7,12,-,-
T Stubbs ,DC,2024,14,2,12,2,-,15,3,02-Nov,5,7.5,4,-,-
TA Boult ,MI,2020,15,15,344,57.2,3,457,25,Apr-18,18.28,7.97,13.76,1,-
TA Boult ,MI,2021,14,14,308,51.2,1,406,13,Mar-28,31.23,7.9,23.69,-,-
TA Boult ,RR,2022,16,16,372,62,3,492,16,Feb-18,30.75,7.93,23.25,-,-
TA Boult ,RR,2023,10,10,228,38,3,312,13,Mar-29,24,8.21,17.53,-,-
TA Boult ,RR,2024,16,15,320,53.2,-,443,16,Mar-22,27.68,8.3,20,-,-
TA Boult ,MI,2025,12,12,253,42.1,-,358,18,Apr-26,19.88,8.49,14.05,1,-
TG Southee ,KKR,2021,3,3,72,12,-,95,3,Feb-26,31.66,7.91,24,-,-
TG Southee ,KKR,2022,9,9,210,35,-,275,14,Mar-20,19.64,7.85,15,-,-
TG Southee ,KKR,2023,2,2,36,6,-,79,2,Feb-54,39.5,13.16,18,-,-
TK Curran ,RR,2020,5,5,109,18.1,-,208,3,Jan-37,69.33,11.44,36.33,-,-
TK Curran ,DC,2021,3,3,68,11.2,-,104,4,Mar-29,26,9.17,17,-,-
TS Mills ,MI,2022,5,5,102,17,-,190,6,Mar-35,31.66,11.17,17,-,-
TU Deshpande ,DC,2020,5,5,102,17,-,192,3,Feb-37,64,11.29,34,-,-
TU Deshpande ,CSK,2022,2,2,42,7,-,63,1,Jan-40,63,9,42,-,-
TU Deshpande ,CSK,2023,16,16,341,56.5,-,564,21,Mar-45,26.85,9.92,16.23,-,-
TU Deshpande ,CSK,2024,13,13,288,48,-,424,17,Apr-27,24.94,8.83,16.94,1,-
TU Deshpande ,RR,2025,8,8,144,24,-,270,6,Mar-44,45,11.25,24,-,-
Umran Malik ,SRH,2021,3,3,72,12,-,96,2,Jan-21,48,8,36,-,-
Umran Malik ,SRH,2022,14,14,295,49.1,1,444,22,May-25,20.18,9.03,13.4,1,1
Umran Malik ,SRH,2023,8,8,120,20,-,217,5,Feb-32,43.4,10.85,24,-,-
UT Yadav ,KKR,2022,12,12,288,48,2,339,16,Apr-23,21.18,7.06,18,1,-
UT Yadav ,GT,2024,7,7,126,21,-,210,8,Feb-22,26.25,10,15.75,-,-
V Kaverappa ,PBKS,2024,1,1,24,4,-,36,2,Feb-36,18,9,12,-,-
V Nigam ,DC,2025,11,10,162,27,-,256,9,Feb-18,28.44,9.48,18,-,-
V Puthur ,MI,2025,5,5,72,12,-,109,6,Mar-32,18.16,9.08,12,-,-
V Shankar ,SRH,2020,7,5,79,13.1,-,82,4,01-Nov,20.5,6.22,19.75,-,-
V Shankar ,SRH,2021,7,5,66,11,-,100,3,Feb-19,33.33,9.09,22,-,-
V Viyaskanth ,SRH,2024,3,3,60,10,-,86,1,Jan-37,86,8.6,60,-,-
V Vyshak ,RCB,2023,7,7,144,24,-,253,9,Mar-20,28.11,10.54,16,-,-
V Vyshak ,RCB,2024,4,4,87,14.3,-,142,4,Feb-23,35.5,9.79,21.75,-,-
VG Arora ,PBKS,2022,5,5,107,17.5,-,164,3,Feb-21,54.66,9.19,35.66,-,-
VG Arora ,KKR,2023,5,5,96,16,-,146,5,Feb-30,29.2,9.12,19.2,-,-
VG Arora ,KKR,2024,10,10,180,30,-,276,11,Mar-27,25.09,9.2,16.36,-,-
VG Arora ,KKR,2025,11,11,231,38.3,1,391,16,Mar-29,24.43,10.15,14.43,-,-
VR Aaron ,GT,2022,2,2,30,5,-,52,2,Feb-45,26,10.4,15,-,-
VR Iyer ,KKR,2021,10,4,51,8.3,-,69,3,Feb-29,23,8.11,17,-,-
Washington Sundar ,RCB,2020,15,15,300,50,1,298,8,Feb-16,37.25,5.96,37.5,-,-
Washington Sundar ,RCB,2021,6,6,96,16,-,118,3,01-Jul,39.33,7.37,32,-,-
Washington Sundar ,SRH,2022,9,8,168,28,-,239,6,Feb-21,39.83,8.53,28,-,-
Washington Sundar ,SRH,2023,7,7,106,17.4,-,146,3,Mar-28,48.66,8.26,35.33,-,-
Washington Sundar ,SRH,2024,2,2,30,5,-,73,1,Jan-46,73,14.6,30,-,-
Washington Sundar ,GT,2025,5,4,59,9.5,-,104,2,Jan-28,52,10.57,29.5,-,-
WD Parnell ,RCB,2023,7,7,151,25.1,-,236,9,03-Oct,26.22,9.37,16.77,-,-
WG Jacks ,RCB,2024,8,5,54,9,-,100,2,Jan-23,50,11.11,27,-,-
WG Jacks ,MI,2025,11,6,72,12,-,93,5,Feb-14,18.6,7.75,14.4,-,-
XC Bartlett ,PBKS,2025,3,3,54,9,-,84,2,Jan-26,42,9.33,27,-,-
Yash Dayal ,GT,2022,9,9,192,32,-,296,11,Mar-40,26.9,9.25,17.45,-,-
Yash Dayal ,GT,2023,5,5,84,14,-,165,2,Jan-31,82.5,11.78,42,-,-
Yash Dayal ,RCB,2024,14,14,301,50.1,-,459,15,Mar-20,30.6,9.14,20.06,-,-
Yash Dayal ,RCB,2025,11,11,216,36,-,346,10,Feb-18,34.6,9.61,21.6,-,-
Yash Thakur ,LSG,2023,9,9,191,31.5,-,289,13,Apr-37,22.23,9.07,14.69,1,-
Yash Thakur ,LSG,2024,10,10,213,35.3,1,402,11,May-30,36.54,11.32,19.36,-,1
Yash Thakur ,PBKS,2025,2,2,39,6.3,-,79,1,Jan-39,79,12.15,39,-,-
YS Chahal ,RCB,2020,15,15,343,57.1,-,405,21,Mar-18,19.28,7.08,16.33,-,-
YS Chahal ,RCB,2021,15,15,318,53,1,374,18,03-Nov,20.77,7.05,17.66,-,-
YS Chahal ,RR,2022,17,17,408,68,-,527,27,May-40,19.51,7.75,15.11,1,1
YS Chahal ,RR,2023,14,14,317,52.5,-,432,21,Apr-17,20.57,8.17,15.09,3,-
YS Chahal ,RR,2024,15,15,348,58,-,546,18,03-Nov,30.33,9.41,19.33,-,-
YS Chahal ,PBKS,2025,12,10,198,33,-,324,14,Apr-28,23.14,9.81,14.14,2,-
Yudhvir Singh ,LSG,2023,3,3,48,8,-,70,3,Feb-19,23.33,8.75,16,-,-
Yudhvir Singh ,LSG,2024,2,2,24,4,-,52,1,Jan-24,52,13,24,-,-
Yudhvir Singh ,RR,2025,3,3,42,7,-,84,1,Jan-26,84,12,42,-,-
Zeeshan Ansari ,SRH,2025,9,9,191,31.5,-,311,6,Mar-42,51.83,9.76,31.83,-,-