Team1,Team2,Winner,Margin,Runs/wicket,Ground,Match Date,Scorecard
DC,MI,MI,5,wickets,Dubai (DICS),10/11/20,Twenty20
DC,SRH,DC,17,runs,Abu Dhabi,08/11/20,Twenty20
RCB,SRH,SRH,6,wickets,Abu Dhabi,06/11/20,Twenty20
DC,MI,MI,57,runs,Dubai (DICS),05/11/20,Twenty20
SRH,MI,SRH,10,wickets,Sharjah,03/11/20,Twenty20
DC,RCB,DC,6,wickets,Abu Dhabi,02/11/20,Twenty20
KKR,RR,KKR,60,runs,Dubai (DICS),01/11/20,Twenty20
CSK,PBKS,CSK,9,wickets,Abu Dhabi,01/11/20,Twenty20
RCB,SRH,SRH,5,wickets,Sharjah,31/10/20,Twenty20
DC,MI,MI,9,wickets,Dubai (DICS),31/10/20,Twenty20
PBKS,RR,RR,7,wickets,Abu Dhabi,30/10/20,Twenty20
CSK,KKR,CSK,6,wickets,Dubai (DICS),29/10/20,Twenty20
MI,RCB,MI,5,wickets,Abu Dhabi,28/10/20,Twenty20
SRH,DC,SRH,88,runs,Dubai (DICS),27/10/20,Twenty20
KKR,PBKS,PBKS,8,wickets,Sharjah,26/10/20,Twenty20
RR,MI,RR,8,wickets,Abu Dhabi,25/10/20,Twenty20
RCB,CSK,CSK,8,wickets,Dubai (DICS),25/10/20,Twenty20
PBKS,SRH,PBKS,12,runs,Dubai (DICS),24/10/20,Twenty20
KKR,DC,KKR,59,runs,Abu Dhabi,24/10/20,Twenty20
CSK,MI,MI,10,wickets,Sharjah,23/10/20,Twenty20
RR,SRH,SRH,8,wickets,Dubai (DICS),22/10/20,Twenty20
KKR,RCB,RCB,8,wickets,Abu Dhabi,21/10/20,Twenty20
PBKS,DC,PBKS,5,wickets,Dubai (DICS),20/10/20,Twenty20
CSK,RR,RR,7,wickets,Abu Dhabi,19/10/20,Twenty20
MI,PBKS,tied,-,,Dubai (DICS),18/10/20,Twenty20
SRH,KKR,tied,-,,Abu Dhabi,18/10/20,Twenty20
DC,CSK,DC,5,wickets,Sharjah,17/10/20,Twenty20
RR,RCB,RCB,7,wickets,Dubai (DICS),17/10/20,Twenty20
MI,KKR,MI,8,wickets,Abu Dhabi,16/10/20,Twenty20
RCB,PBKS,PBKS,8,wickets,Sharjah,15/10/20,Twenty20
DC,RR,DC,13,runs,Dubai (DICS),14/10/20,Twenty20
SRH,CSK,CSK,20,runs,Dubai (DICS),13/10/20,Twenty20
RCB,KKR,RCB,82,runs,Sharjah,12/10/20,Twenty20
MI,DC,MI,5,wickets,Abu Dhabi,11/10/20,Twenty20
SRH,RR,RR,5,wickets,Dubai (DICS),11/10/20,Twenty20
CSK,RCB,RCB,37,runs,Dubai (DICS),10/10/20,Twenty20
PBKS,KKR,KKR,2,runs,Abu Dhabi,10/10/20,Twenty20
RR,DC,DC,46,runs,Sharjah,09/10/20,Twenty20
SRH,PBKS,SRH,69,runs,Dubai (DICS),08/10/20,Twenty20
KKR,CSK,KKR,10,runs,Abu Dhabi,07/10/20,Twenty20
MI,RR,MI,57,runs,Abu Dhabi,06/10/20,Twenty20
RCB,DC,DC,59,runs,Dubai (DICS),05/10/20,Twenty20
PBKS,CSK,CSK,10,wickets,Dubai (DICS),04/10/20,Twenty20
MI,SRH,MI,34,runs,Sharjah,04/10/20,Twenty20
DC,KKR,DC,18,runs,Sharjah,03/10/20,Twenty20
RCB,RR,RCB,8,wickets,Abu Dhabi,03/10/20,Twenty20
CSK,SRH,SRH,7,runs,Dubai (DICS),02/10/20,Twenty20
PBKS,MI,MI,48,runs,Abu Dhabi,01/10/20,Twenty20
RR,KKR,KKR,37,runs,Dubai (DICS),30/09/20,Twenty20
DC,SRH,SRH,15,runs,Abu Dhabi,29/09/20,Twenty20
RCB,MI,tied,-,,Dubai (DICS),28/09/20,Twenty20
RR,PBKS,RR,4,wickets,Sharjah,27/09/20,Twenty20
KKR,SRH,KKR,7,wickets,Abu Dhabi,26/09/20,Twenty20
CSK,DC,DC,44,runs,Dubai (DICS),25/09/20,Twenty20
PBKS,RCB,PBKS,97,runs,Dubai (DICS),24/09/20,Twenty20
KKR,MI,MI,49,runs,Abu Dhabi,23/09/20,Twenty20
RR,CSK,RR,16,runs,Sharjah,22/09/20,Twenty20
SRH,RCB,RCB,10,runs,Dubai (DICS),21/09/20,Twenty20
DC,PBKS,tied,-,,Dubai (DICS),20/09/20,Twenty20
MI,CSK,CSK,5,wickets,Abu Dhabi,19/09/20,Twenty20
CSK,KKR,CSK,27,runs,Dubai (DICS),15/10/21,Twenty20
DC,KKR,KKR,3,wickets,Sharjah,13/10/21,Twenty20
RCB,KKR,KKR,4,wickets,Sharjah,11/10/21,Twenty20
DC,CSK,CSK,4,wickets,Dubai (DICS),10/10/21,Twenty20
RCB,DC,RCB,7,wickets,Dubai (DICS),08/10/21,Twenty20
SRH,MI,MI,42,runs,Abu Dhabi,08/10/21,Twenty20
KKR,RR,KKR,86,runs,Sharjah,07/10/21,Twenty20
CSK,PBKS,PBKS,6,wickets,Dubai (DICS),07/10/21,Twenty20
RCB,SRH,SRH,4,runs,Abu Dhabi,06/10/21,Twenty20
RR,MI,MI,8,wickets,Sharjah,05/10/21,Twenty20
DC,CSK,DC,3,wickets,Dubai (DICS),04/10/21,Twenty20
KKR,SRH,KKR,6,wickets,Dubai (DICS),03/10/21,Twenty20
RCB,PBKS,RCB,6,runs,Sharjah,03/10/21,Twenty20
RR,CSK,RR,7,wickets,Abu Dhabi,02/10/21,Twenty20
MI,DC,DC,4,wickets,Sharjah,02/10/21,Twenty20
KKR,PBKS,PBKS,5,wickets,Dubai (DICS),01/10/21,Twenty20
SRH,CSK,CSK,6,wickets,Sharjah,30/09/21,Twenty20
RR,RCB,RCB,7,wickets,Dubai (DICS),29/09/21,Twenty20
MI,PBKS,MI,6,wickets,Abu Dhabi,28/09/21,Twenty20
KKR,DC,KKR,3,wickets,Sharjah,28/09/21,Twenty20
SRH,RR,SRH,7,wickets,Dubai (DICS),27/09/21,Twenty20
RCB,MI,RCB,54,runs,Dubai (DICS),26/09/21,Twenty20
CSK,KKR,CSK,2,wickets,Abu Dhabi,26/09/21,Twenty20
SRH,PBKS,PBKS,5,runs,Sharjah,25/09/21,Twenty20
DC,RR,DC,33,runs,Abu Dhabi,25/09/21,Twenty20
RCB,CSK,CSK,6,wickets,Sharjah,24/09/21,Twenty20
MI,KKR,KKR,7,wickets,Abu Dhabi,23/09/21,Twenty20
DC,SRH,DC,8,wickets,Dubai (DICS),22/09/21,Twenty20
PBKS,RR,RR,2,runs,Dubai (DICS),21/09/21,Twenty20
KKR,RCB,KKR,9,wickets,Abu Dhabi,20/09/21,Twenty20
CSK,MI,CSK,20,runs,Dubai (DICS),19/09/21,Twenty20
PBKS,DC,DC,7,wickets,Ahmedabad,02/05/21,Twenty20
RR,SRH,RR,55,runs,Delhi,02/05/21,Twenty20
MI,CSK,MI,4,wickets,Delhi,01/05/21,Twenty20
PBKS,RCB,PBKS,34,runs,Ahmedabad,30/04/21,Twenty20
DC,KKR,DC,7,wickets,Ahmedabad,29/04/21,Twenty20
MI,RR,MI,7,wickets,Delhi,29/04/21,Twenty20
CSK,SRH,CSK,7,wickets,Delhi,28/04/21,Twenty20
DC,RCB,RCB,1,run,Ahmedabad,27/04/21,Twenty20
PBKS,KKR,KKR,5,wickets,Ahmedabad,26/04/21,Twenty20
SRH,DC,tied,-,,Chennai,25/04/21,Twenty20
CSK,RCB,CSK,69,runs,Wankhede,25/04/21,Twenty20
RR,KKR,RR,6,wickets,Wankhede,24/04/21,Twenty20
PBKS,MI,PBKS,9,wickets,Chennai,23/04/21,Twenty20
RCB,RR,RCB,10,wickets,Wankhede,22/04/21,Twenty20
KKR,CSK,CSK,18,runs,Wankhede,21/04/21,Twenty20
PBKS,SRH,SRH,9,wickets,Chennai,21/04/21,Twenty20
DC,MI,DC,6,wickets,Chennai,20/04/21,Twenty20
CSK,RR,CSK,45,runs,Wankhede,19/04/21,Twenty20
DC,PBKS,DC,6,wickets,Wankhede,18/04/21,Twenty20
RCB,KKR,RCB,38,runs,Chennai,18/04/21,Twenty20
MI,SRH,MI,13,runs,Chennai,17/04/21,Twenty20
PBKS,CSK,CSK,6,wickets,Wankhede,16/04/21,Twenty20
RR,DC,RR,3,wickets,Wankhede,15/04/21,Twenty20
SRH,RCB,RCB,6,runs,Chennai,14/04/21,Twenty20
KKR,MI,MI,10,runs,Chennai,13/04/21,Twenty20
RR,PBKS,PBKS,4,runs,Wankhede,12/04/21,Twenty20
SRH,KKR,KKR,10,runs,Chennai,11/04/21,Twenty20
CSK,DC,DC,7,wickets,Wankhede,10/04/21,Twenty20
MI,RCB,RCB,2,wickets,Chennai,09/04/21,Twenty20
GT,RR,GT,7,wickets,Ahmedabad,29/05/22,Twenty20
RR,RCB,RR,7,wickets,Ahmedabad,27/05/22,Twenty20
LSG,RCB,RCB,14,runs,Eden Gardens,25/05/22,Twenty20
GT,RR,GT,7,wickets,Eden Gardens,24/05/22,Twenty20
SRH,PBKS,PBKS,5,wickets,Wankhede,22/05/22,Twenty20
MI,DC,MI,5,wickets,Wankhede,21/05/22,Twenty20
RR,CSK,RR,5,wickets,Brabourne,20/05/22,Twenty20
RCB,GT,RCB,8,wickets,Wankhede,19/05/22,Twenty20
KKR,LSG,LSG,2,runs,DY Patil,18/05/22,Twenty20
MI,SRH,SRH,3,runs,Wankhede,17/05/22,Twenty20
PBKS,DC,DC,17,runs,DY Patil,16/05/22,Twenty20
LSG,RR,RR,24,runs,Brabourne,15/05/22,Twenty20
CSK,GT,GT,7,wickets,Wankhede,15/05/22,Twenty20
KKR,SRH,KKR,54,runs,Pune,14/05/22,Twenty20
RCB,PBKS,PBKS,54,runs,Brabourne,13/05/22,Twenty20
CSK,MI,MI,5,wickets,Wankhede,12/05/22,Twenty20
RR,DC,DC,8,wickets,DY Patil,11/05/22,Twenty20
LSG,GT,GT,62,runs,Pune,10/05/22,Twenty20
MI,KKR,KKR,52,runs,DY Patil,09/05/22,Twenty20
CSK,DC,CSK,91,runs,DY Patil,08/05/22,Twenty20
SRH,RCB,RCB,67,runs,Wankhede,08/05/22,Twenty20
LSG,KKR,LSG,75,runs,Pune,07/05/22,Twenty20
PBKS,RR,RR,6,wickets,Wankhede,07/05/22,Twenty20
GT,MI,MI,5,runs,Brabourne,06/05/22,Twenty20
DC,SRH,DC,21,runs,Brabourne,05/05/22,Twenty20
RCB,CSK,RCB,13,runs,Pune,04/05/22,Twenty20
GT,PBKS,PBKS,8,wickets,DY Patil,03/05/22,Twenty20
KKR,RR,KKR,7,wickets,Wankhede,02/05/22,Twenty20
SRH,CSK,CSK,13,runs,Pune,01/05/22,Twenty20
DC,LSG,LSG,6,runs,Wankhede,01/05/22,Twenty20
RR,MI,MI,5,wickets,DY Patil,30/04/22,Twenty20
GT,RCB,GT,6,wickets,Brabourne,30/04/22,Twenty20
PBKS,LSG,LSG,20,runs,Pune,29/04/22,Twenty20
DC,KKR,DC,4,wickets,Wankhede,28/04/22,Twenty20
GT,SRH,GT,5,wickets,Wankhede,27/04/22,Twenty20
RCB,RR,RR,29,runs,Pune,26/04/22,Twenty20
PBKS,CSK,PBKS,11,runs,Wankhede,25/04/22,Twenty20
LSG,MI,LSG,36,runs,Wankhede,24/04/22,Twenty20
RCB,SRH,SRH,9,wickets,Brabourne,23/04/22,Twenty20
KKR,GT,GT,8,runs,DY Patil,23/04/22,Twenty20
DC,RR,RR,15,runs,Wankhede,22/04/22,Twenty20
MI,CSK,CSK,3,wickets,DY Patil,21/04/22,Twenty20
DC,PBKS,DC,9,wickets,Brabourne,20/04/22,Twenty20
LSG,RCB,RCB,18,runs,DY Patil,19/04/22,Twenty20
RR,KKR,RR,7,runs,Brabourne,18/04/22,Twenty20
GT,CSK,GT,3,wickets,Pune,17/04/22,Twenty20
PBKS,SRH,SRH,7,wickets,DY Patil,17/04/22,Twenty20
DC,RCB,RCB,16,runs,Wankhede,16/04/22,Twenty20
MI,LSG,LSG,18,runs,Brabourne,16/04/22,Twenty20
SRH,KKR,SRH,7,wickets,Brabourne,15/04/22,Twenty20
RR,GT,GT,37,runs,DY Patil,14/04/22,Twenty20
MI,PBKS,PBKS,12,runs,Pune,13/04/22,Twenty20
CSK,RCB,CSK,23,runs,DY Patil,12/04/22,Twenty20
SRH,GT,SRH,8,wickets,DY Patil,11/04/22,Twenty20
RR,LSG,RR,3,runs,Wankhede,10/04/22,Twenty20
KKR,DC,DC,44,runs,Brabourne,10/04/22,Twenty20
RCB,MI,RCB,7,wickets,Pune,09/04/22,Twenty20
CSK,SRH,SRH,8,wickets,DY Patil,09/04/22,Twenty20
PBKS,GT,GT,6,wickets,Brabourne,08/04/22,Twenty20
LSG,DC,LSG,6,wickets,DY Patil,07/04/22,Twenty20
KKR,MI,KKR,5,wickets,Pune,06/04/22,Twenty20
RR,RCB,RCB,4,wickets,Wankhede,05/04/22,Twenty20
SRH,LSG,LSG,12,runs,DY Patil,04/04/22,Twenty20
CSK,PBKS,PBKS,54,runs,Brabourne,03/04/22,Twenty20
GT,DC,GT,14,runs,Pune,02/04/22,Twenty20
MI,RR,RR,23,runs,DY Patil,02/04/22,Twenty20
KKR,PBKS,KKR,6,wickets,Wankhede,01/04/22,Twenty20
LSG,CSK,LSG,6,wickets,Brabourne,31/03/22,Twenty20
RCB,KKR,RCB,3,wickets,DY Patil,30/03/22,Twenty20
SRH,RR,RR,61,runs,Pune,29/03/22,Twenty20
GT,LSG,GT,5,wickets,Wankhede,28/03/22,Twenty20
PBKS,RCB,PBKS,5,wickets,DY Patil,27/03/22,Twenty20
DC,MI,DC,4,wickets,Brabourne,27/03/22,Twenty20
CSK,KKR,KKR,6,wickets,Wankhede,26/03/22,Twenty20
GT,CSK,CSK,5,wickets,Ahmedabad,29/05/23,Twenty20
GT,MI,GT,62,runs,Ahmedabad,26/05/23,Twenty20
LSG,MI,MI,81,runs,Chennai,24/05/23,Twenty20
CSK,GT,CSK,15,runs,Chennai,23/05/23,Twenty20
RCB,GT,GT,6,wickets,Bengaluru,21/05/23,Twenty20
MI,SRH,MI,8,wickets,Wankhede,21/05/23,Twenty20
KKR,LSG,LSG,1,run,Eden Gardens,20/05/23,Twenty20
DC,CSK,CSK,77,runs,Delhi,20/05/23,Twenty20
PBKS,RR,RR,4,wickets,Dharamsala,19/05/23,Twenty20
SRH,RCB,RCB,8,wickets,Hyderabad,18/05/23,Twenty20
PBKS,DC,DC,15,runs,Dharamsala,17/05/23,Twenty20
LSG,MI,LSG,5,runs,Lucknow,16/05/23,Twenty20
GT,SRH,GT,34,runs,Ahmedabad,15/05/23,Twenty20
CSK,KKR,KKR,6,wickets,Chennai,14/05/23,Twenty20
RR,RCB,RCB,112,runs,Jaipur,14/05/23,Twenty20
DC,PBKS,PBKS,31,runs,Delhi,13/05/23,Twenty20
SRH,LSG,LSG,7,wickets,Hyderabad,13/05/23,Twenty20
MI,GT,MI,27,runs,Wankhede,12/05/23,Twenty20
KKR,RR,RR,9,wickets,Eden Gardens,11/05/23,Twenty20
CSK,DC,CSK,27,runs,Chennai,10/05/23,Twenty20
MI,RCB,MI,6,wickets,Wankhede,09/05/23,Twenty20
KKR,PBKS,KKR,5,wickets,Eden Gardens,08/05/23,Twenty20
RR,SRH,SRH,4,wickets,Jaipur,07/05/23,Twenty20
GT,LSG,GT,56,runs,Ahmedabad,07/05/23,Twenty20
DC,RCB,DC,7,wickets,Delhi,06/05/23,Twenty20
CSK,MI,CSK,6,wickets,Chennai,06/05/23,Twenty20
RR,GT,GT,9,wickets,Jaipur,05/05/23,Twenty20
SRH,KKR,KKR,5,runs,Hyderabad,04/05/23,Twenty20
PBKS,MI,MI,6,wickets,Mohali,03/05/23,Twenty20
LSG,CSK,no result,-,,Lucknow,03/05/23,Twenty20
GT,DC,DC,5,runs,Ahmedabad,02/05/23,Twenty20
LSG,RCB,RCB,18,runs,Lucknow,01/05/23,Twenty20
MI,RR,MI,6,wickets,Wankhede,30/04/23,Twenty20
CSK,PBKS,PBKS,4,wickets,Chennai,30/04/23,Twenty20
DC,SRH,SRH,9,runs,Delhi,29/04/23,Twenty20
KKR,GT,GT,7,wickets,Eden Gardens,29/04/23,Twenty20
PBKS,LSG,LSG,56,runs,Mohali,28/04/23,Twenty20
RR,CSK,RR,32,runs,Jaipur,27/04/23,Twenty20
RCB,KKR,KKR,21,runs,Bengaluru,26/04/23,Twenty20
GT,MI,GT,55,runs,Ahmedabad,25/04/23,Twenty20
SRH,DC,DC,7,runs,Hyderabad,24/04/23,Twenty20
KKR,CSK,CSK,49,runs,Eden Gardens,23/04/23,Twenty20
RCB,RR,RCB,7,runs,Bengaluru,23/04/23,Twenty20
MI,PBKS,PBKS,13,runs,Wankhede,22/04/23,Twenty20
LSG,GT,GT,7,runs,Lucknow,22/04/23,Twenty20
CSK,SRH,CSK,7,wickets,Chennai,21/04/23,Twenty20
DC,KKR,DC,4,wickets,Delhi,20/04/23,Twenty20
PBKS,RCB,RCB,24,runs,Mohali,20/04/23,Twenty20
RR,LSG,LSG,10,runs,Jaipur,19/04/23,Twenty20
SRH,MI,MI,14,runs,Hyderabad,18/04/23,Twenty20
RCB,CSK,CSK,8,runs,Bengaluru,17/04/23,Twenty20
GT,RR,RR,3,wickets,Ahmedabad,16/04/23,Twenty20
MI,KKR,MI,5,wickets,Wankhede,16/04/23,Twenty20
LSG,PBKS,PBKS,2,wickets,Lucknow,15/04/23,Twenty20
RCB,DC,RCB,23,runs,Bengaluru,15/04/23,Twenty20
KKR,SRH,SRH,23,runs,Eden Gardens,14/04/23,Twenty20
PBKS,GT,GT,6,wickets,Mohali,13/04/23,Twenty20
CSK,RR,RR,3,runs,Chennai,12/04/23,Twenty20
DC,MI,MI,6,wickets,Delhi,11/04/23,Twenty20
RCB,LSG,LSG,1,wicket,Bengaluru,10/04/23,Twenty20
SRH,PBKS,SRH,8,wickets,Hyderabad,09/04/23,Twenty20
GT,KKR,KKR,3,wickets,Ahmedabad,09/04/23,Twenty20
MI,CSK,CSK,7,wickets,Wankhede,08/04/23,Twenty20
RR,DC,RR,57,runs,Guwahati,08/04/23,Twenty20
LSG,SRH,LSG,5,wickets,Lucknow,07/04/23,Twenty20
KKR,RCB,KKR,81,runs,Eden Gardens,06/04/23,Twenty20
RR,PBKS,PBKS,5,runs,Guwahati,05/04/23,Twenty20
DC,GT,GT,6,wickets,Delhi,04/04/23,Twenty20
CSK,LSG,CSK,12,runs,Chennai,03/04/23,Twenty20
RCB,MI,RCB,8,wickets,Bengaluru,02/04/23,Twenty20
SRH,RR,RR,72,runs,Hyderabad,02/04/23,Twenty20
LSG,DC,LSG,50,runs,Lucknow,01/04/23,Twenty20
PBKS,KKR,PBKS,7,runs,Mohali,01/04/23,Twenty20
GT,CSK,GT,5,wickets,Ahmedabad,31/03/23,Twenty20
KKR,SRH,KKR,8,wickets,Chennai,26/05/24,Twenty20
RR,SRH,SRH,36,runs,Chennai,24/05/24,Twenty20
RR,RCB,RR,4,wickets,Ahmedabad,22/05/24,Twenty20
KKR,SRH,KKR,8,wickets,Ahmedabad,21/05/24,Twenty20
RR,KKR,no result,-,,Guwahati,19/05/24,Twenty20
SRH,PBKS,SRH,4,wickets,Hyderabad,19/05/24,Twenty20
RCB,CSK,RCB,27,runs,Bengaluru,18/05/24,Twenty20
MI,LSG,LSG,18,runs,Wankhede,17/05/24,Twenty20
RR,PBKS,PBKS,5,wickets,Guwahati,15/05/24,Twenty20
DC,LSG,DC,19,runs,Delhi,14/05/24,Twenty20
RCB,DC,RCB,47,runs,Bengaluru,12/05/24,Twenty20
CSK,RR,CSK,5,wickets,Chennai,12/05/24,Twenty20
KKR,MI,KKR,18,runs,Eden Gardens,11/05/24,Twenty20
GT,CSK,GT,35,runs,Ahmedabad,10/05/24,Twenty20
PBKS,RCB,RCB,60,runs,Dharamsala,09/05/24,Twenty20
SRH,LSG,SRH,10,wickets,Hyderabad,08/05/24,Twenty20
DC,RR,DC,20,runs,Delhi,07/05/24,Twenty20
MI,SRH,MI,7,wickets,Wankhede,06/05/24,Twenty20
LSG,KKR,KKR,98,runs,Lucknow,05/05/24,Twenty20
PBKS,CSK,CSK,28,runs,Dharamsala,05/05/24,Twenty20
RCB,GT,RCB,4,wickets,Bengaluru,04/05/24,Twenty20
MI,KKR,KKR,24,runs,Wankhede,03/05/24,Twenty20
SRH,RR,SRH,1,run,Hyderabad,02/05/24,Twenty20
CSK,PBKS,PBKS,7,wickets,Chennai,01/05/24,Twenty20
LSG,MI,LSG,4,wickets,Lucknow,30/04/24,Twenty20
KKR,DC,KKR,7,wickets,Eden Gardens,29/04/24,Twenty20
CSK,SRH,CSK,78,runs,Chennai,28/04/24,Twenty20
GT,RCB,RCB,9,wickets,Ahmedabad,28/04/24,Twenty20
LSG,RR,RR,7,wickets,Lucknow,27/04/24,Twenty20
DC,MI,DC,10,runs,Delhi,27/04/24,Twenty20
KKR,PBKS,PBKS,8,wickets,Eden Gardens,26/04/24,Twenty20
SRH,RCB,RCB,35,runs,Hyderabad,25/04/24,Twenty20
DC,GT,DC,4,runs,Delhi,24/04/24,Twenty20
CSK,LSG,LSG,6,wickets,Chennai,23/04/24,Twenty20
RR,MI,RR,9,wickets,Jaipur,22/04/24,Twenty20
PBKS,GT,GT,3,wickets,Mullanpur,21/04/24,Twenty20
KKR,RCB,KKR,1,run,Eden Gardens,21/04/24,Twenty20
DC,SRH,SRH,67,runs,Delhi,20/04/24,Twenty20
LSG,CSK,LSG,8,wickets,Lucknow,19/04/24,Twenty20
PBKS,MI,MI,9,runs,Mullanpur,18/04/24,Twenty20
GT,DC,DC,6,wickets,Ahmedabad,17/04/24,Twenty20
KKR,RR,RR,2,wickets,Eden Gardens,16/04/24,Twenty20
RCB,SRH,SRH,25,runs,Bengaluru,15/04/24,Twenty20
MI,CSK,CSK,20,runs,Wankhede,14/04/24,Twenty20
KKR,LSG,KKR,8,wickets,Eden Gardens,14/04/24,Twenty20
PBKS,RR,RR,3,wickets,Mullanpur,13/04/24,Twenty20
LSG,DC,DC,6,wickets,Lucknow,12/04/24,Twenty20
MI,RCB,MI,7,wickets,Wankhede,11/04/24,Twenty20
RR,GT,GT,3,wickets,Jaipur,10/04/24,Twenty20
PBKS,SRH,SRH,2,runs,Mullanpur,09/04/24,Twenty20
CSK,KKR,CSK,7,wickets,Chennai,08/04/24,Twenty20
LSG,GT,LSG,33,runs,Lucknow,07/04/24,Twenty20
MI,DC,MI,29,runs,Wankhede,07/04/24,Twenty20
RR,RCB,RR,6,wickets,Jaipur,06/04/24,Twenty20
SRH,CSK,SRH,6,wickets,Hyderabad,05/04/24,Twenty20
GT,PBKS,PBKS,3,wickets,Ahmedabad,04/04/24,Twenty20
DC,KKR,KKR,106,runs,Visakhapatnam,03/04/24,Twenty20
RCB,LSG,LSG,28,runs,Bengaluru,02/04/24,Twenty20
MI,RR,RR,6,wickets,Wankhede,01/04/24,Twenty20
DC,CSK,DC,20,runs,Visakhapatnam,31/03/24,Twenty20
GT,SRH,GT,7,wickets,Ahmedabad,31/03/24,Twenty20
LSG,PBKS,LSG,21,runs,Lucknow,30/03/24,Twenty20
RCB,KKR,KKR,7,wickets,Bengaluru,29/03/24,Twenty20
RR,DC,RR,12,runs,Jaipur,28/03/24,Twenty20
SRH,MI,SRH,31,runs,Hyderabad,27/03/24,Twenty20
CSK,GT,CSK,63,runs,Chennai,26/03/24,Twenty20
RCB,PBKS,RCB,4,wickets,Bengaluru,25/03/24,Twenty20
GT,MI,GT,6,runs,Ahmedabad,24/03/24,Twenty20
RR,LSG,RR,20,runs,Jaipur,24/03/24,Twenty20
KKR,SRH,KKR,4,runs,Eden Gardens,23/03/24,Twenty20
PBKS,DC,PBKS,4,wickets,Mullanpur,23/03/24,Twenty20
CSK,RCB,CSK,6,wickets,Chennai,22/03/24,Twenty20
PBKS,RCB,RCB,6,runs,Ahmedabad,"Jun 3, 2025",Twenty20
MI,PBKS,PBKS,5,wickets,Ahmedabad,"Jun 1, 2025",Twenty20
GT,MI,MI,20,runs,New Chandigarh,"May 30, 2025",Twenty20
PBKS,RCB,RCB,8,wickets,New Chandigarh,"May 29, 2025",Twenty20
LSG,RCB,RCB,6,wickets,Lucknow,"May 27, 2025",Twenty20
MI,PBKS,PBKS,7,wickets,Jaipur,"May 26, 2025",Twenty20
KKR,SRH,SRH,110,runs,Delhi,"May 25, 2025",Twenty20
GT,CSK,CSK,83,runs,Ahmedabad,"May 25, 2025",Twenty20
DC,PBKS,DC,6,wickets,Jaipur,"May 24, 2025",Twenty20
RCB,SRH,SRH,42,runs,Lucknow,"May 23, 2025",Twenty20
GT,LSG,LSG,33,runs,Ahmedabad,"May 22, 2025",Twenty20
MI,DC,MI,59,runs,Wankhede,"May 21, 2025",Twenty20
CSK,RR,RR,6,wickets,Delhi,"May 20, 2025",Twenty20
LSG,SRH,SRH,6,wickets,Lucknow,"May 19, 2025",Twenty20
DC,GT,GT,10,wickets,Delhi,"May 18, 2025",Twenty20
RR,PBKS,PBKS,10,runs,Jaipur,"May 18, 2025",Twenty20
KKR,CSK,CSK,2,wickets,Eden Gardens,"May 7, 2025",Twenty20
MI,GT,GT,3,wickets,Wankhede,"May 6, 2025",Twenty20
SRH,DC,no result,-,-,Hyderabad,"May 5, 2025",Twenty20
PBKS,LSG,PBKS,37,runs,Dharamsala,"May 4, 2025",Twenty20
KKR,RR,KKR,1,run,Eden Gardens,"May 4, 2025",Twenty20
RCB,CSK,RCB,2,runs,Bengaluru,"May 3, 2025",Twenty20
GT,SRH,GT,38,runs,Ahmedabad,"May 2, 2025",Twenty20
RR,MI,MI,100,runs,Jaipur,"May 1, 2025",Twenty20
CSK,PBKS,PBKS,4,wickets,Chennai,"Apr 30, 2025",Twenty20
DC,KKR,KKR,14,runs,Delhi,"Apr 29, 2025",Twenty20
RR,GT,RR,8,wickets,Jaipur,"Apr 28, 2025",Twenty20
DC,RCB,RCB,6,wickets,Delhi,"Apr 27, 2025",Twenty20
MI,LSG,MI,54,runs,Wankhede,"Apr 27, 2025",Twenty20
KKR,PBKS,no result,-,-,Eden Gardens,"Apr 26, 2025",Twenty20
CSK,SRH,SRH,5,wickets,Chennai,"Apr 25, 2025",Twenty20
RCB,RR,RCB,11,runs,Bengaluru,"Apr 24, 2025",Twenty20
SRH,MI,MI,7,wickets,Hyderabad,"Apr 23, 2025",Twenty20
LSG,DC,DC,8,wickets,Lucknow,"Apr 22, 2025",Twenty20
KKR,GT,GT,39,runs,Eden Gardens,"Apr 21, 2025",Twenty20
MI,CSK,MI,9,wickets,Wankhede,"Apr 20, 2025",Twenty20
PBKS,RCB,RCB,7,wickets,New Chandigarh,"Apr 20, 2025",Twenty20
RR,LSG,LSG,2,runs,Jaipur,"Apr 19, 2025",Twenty20
GT,DC,GT,7,wickets,Ahmedabad,"Apr 19, 2025",Twenty20
RCB,PBKS,PBKS,5,wickets,Bengaluru,"Apr 18, 2025",Twenty20
MI,SRH,MI,4,wickets,Wankhede,"Apr 17, 2025",Twenty20
DC,RR,tied,-,-,Delhi,"Apr 16, 2025",Twenty20
PBKS,KKR,PBKS,16,runs,New Chandigarh,"Apr 15, 2025",Twenty20
LSG,CSK,CSK,5,wickets,Lucknow,"Apr 14, 2025",Twenty20
DC,MI,MI,12,runs,Delhi,"Apr 13, 2025",Twenty20
RR,RCB,RCB,9,wickets,Jaipur,"Apr 13, 2025",Twenty20
SRH,PBKS,SRH,8,wickets,Hyderabad,"Apr 12, 2025",Twenty20
LSG,GT,LSG,6,wickets,Lucknow,"Apr 12, 2025",Twenty20
CSK,KKR,KKR,8,wickets,Chennai,"Apr 11, 2025",Twenty20
RCB,DC,DC,6,wickets,Bengaluru,"Apr 10, 2025",Twenty20
GT,RR,GT,58,runs,Ahmedabad,"Apr 9, 2025",Twenty20
PBKS,CSK,PBKS,18,runs,New Chandigarh,"Apr 8, 2025",Twenty20
KKR,LSG,LSG,4,runs,Eden Gardens,"Apr 8, 2025",Twenty20
MI,RCB,RCB,12,runs,Wankhede,"Apr 7, 2025",Twenty20
SRH,GT,GT,7,wickets,Hyderabad,"Apr 6, 2025",Twenty20
PBKS,RR,RR,50,runs,New Chandigarh,"Apr 5, 2025",Twenty20
CSK,DC,DC,25,runs,Chennai,"Apr 5, 2025",Twenty20
LSG,MI,LSG,12,runs,Lucknow,"Apr 4, 2025",Twenty20
KKR,SRH,KKR,80,runs,Eden Gardens,"Apr 3, 2025",Twenty20
RCB,GT,GT,8,wickets,Bengaluru,"Apr 2, 2025",Twenty20
LSG,PBKS,PBKS,8,wickets,Lucknow,"Apr 1, 2025",Twenty20
MI,KKR,MI,8,wickets,Wankhede,"Mar 31, 2025",Twenty20
RR,CSK,RR,6,runs,Guwahati,"Mar 30, 2025",Twenty20
DC,SRH,DC,7,wickets,Visakhapatnam,"Mar 30, 2025",Twenty20
GT,MI,GT,36,runs,Ahmedabad,"Mar 29, 2025",Twenty20
CSK,RCB,RCB,50,runs,Chennai,"Mar 28, 2025",Twenty20
SRH,LSG,LSG,5,wickets,Hyderabad,"Mar 27, 2025",Twenty20
RR,KKR,KKR,8,wickets,Guwahati,"Mar 26, 2025",Twenty20
GT,PBKS,PBKS,11,runs,Ahmedabad,"Mar 25, 2025",Twenty20
DC,LSG,DC,1,wicket,Visakhapatnam,"Mar 24, 2025",Twenty20
CSK,MI,CSK,4,wickets,Chennai,"Mar 23, 2025",Twenty20
SRH,RR,SRH,44,runs,Hyderabad,"Mar 23, 2025",Twenty20
KKR,RCB,RCB,7,wickets,Eden Gardens,"Mar 22, 2025",Twenty20