Player1,Player2,Runs,O/NO,Wickets,Team,Opposition,Ground,Match Date,Scorecard
KL Rahul, MA Agarwal,183,out,1st,PBKS,RR,Sharjah,27/09/2020,Twenty20
SR Watson, F du Plessis,181,not out,1st,CSK,PBKS,Dubai (DICS),04/10/2020,Twenty20
DA Warner, JM Bairstow,160,out,1st,SRH,PBKS,Dubai (DICS),08/10/2020,Twenty20
BA Stokes, SV Samson,152,not out,3rd,RR,MI,Abu Dhabi,25/10/2020,Twenty20
DA Warner, WP Saha,151,not out,1st,SRH,MI,Sharjah,03/11/2020,Twenty20
V Shankar, MK Pandey,140,not out,3rd,SRH,RR,Dubai (DICS),22/10/2020,Twenty20
SPD Smith, SV Samson,121,out,2nd,RR,CSK,Sharjah,22/09/2020,Twenty20
KL Rahul, CH Gayle,120,out,2nd,PBKS,RR,Abu Dhabi,30/10/2020,Twenty20
KA Pollard, Ishan Kishan,119,out,5th,MI,RCB,Dubai (DICS),28/09/2020,Twenty20
Ishan Kishan, Q de Kock,116,not out,1st,MI,CSK,Sharjah,23/10/2020,Twenty20
AT Rayudu, F du Plessis,115,out,3rd,CSK,MI,Abu Dhabi,19/09/2020,Twenty20
KL Rahul, MA Agarwal,115,out,1st,PBKS,KKR,Abu Dhabi,10/10/2020,Twenty20
N Rana, SP Narine,115,out,4th,KKR,DC,Abu Dhabi,24/10/2020,Twenty20
DA Warner, WP Saha,107,out,1st,SRH,DC,Dubai (DICS),27/10/2020,Twenty20
V Kohli, AB de Villiers,100,not out,3rd,RCB,KKR,Sharjah,12/10/2020,Twenty20
Mandeep Singh, CH Gayle,100,out,2nd,PBKS,KKR,Sharjah,26/10/2020,Twenty20
D Padikkal, V Kohli,99,out,2nd,RCB,RR,Abu Dhabi,03/10/2020,Twenty20
SPD Smith, JC Buttler,98,not out,4th,RR,CSK,Abu Dhabi,19/10/2020,Twenty20
RR Pant, SS Iyer,96,out,4th,DC,MI,Dubai (DICS),10/11/2020,Twenty20
PP Shaw, S Dhawan,94,out,1st,DC,CSK,Dubai (DICS),25/09/2020,Twenty20
RG Sharma, Q de Kock,94,out,1st,MI,KKR,Abu Dhabi,16/10/2020,Twenty20
KL Rahul, CH Gayle,93,out,2nd,PBKS,RCB,Sharjah,15/10/2020,Twenty20
Shubman Gill, EJG Morgan,92,not out,4th,KKR,SRH,Abu Dhabi,26/09/2020,Twenty20
D Padikkal, AJ Finch,90,out,1st,RCB,SRH,Dubai (DICS),21/09/2020,Twenty20
SA Yadav, RG Sharma,90,out,2nd,MI,KKR,Abu Dhabi,23/09/2020,Twenty20
MP Stoinis, RR Pant,89,out,4th,DC,RCB,Dubai (DICS),05/10/2020,Twenty20
AM Rahane, S Dhawan,88,out,2nd,DC,RCB,Abu Dhabi,02/11/2020,Twenty20
EJG Morgan, PJ Cummins,87,not out,6th,KKR,MI,Abu Dhabi,16/10/2020,Twenty20
SR Watson, F du Plessis,87,out,2nd,CSK,DC,Sharjah,17/10/2020,Twenty20
MP Stoinis, S Dhawan,86,out,1st,DC,SRH,Abu Dhabi,08/11/2020,Twenty20
R Tewatia, R Parag,85,not out,6th,RR,SRH,Dubai (DICS),11/10/2020,Twenty20
SS Iyer, S Dhawan,85,out,3rd,DC,MI,Abu Dhabi,11/10/2020,Twenty20
SS Iyer, S Dhawan,85,out,3rd,DC,RR,Dubai (DICS),14/10/2020,Twenty20
SA Yadav, Ishan Kishan,83,out,2nd,MI,RR,Abu Dhabi,25/10/2020,Twenty20
Shubman Gill, KD Karthik,82,out,4th,KKR,PBKS,Abu Dhabi,10/10/2020,Twenty20
V Kohli, AB de Villiers,82,out,3rd,RCB,CSK,Dubai (DICS),25/10/2020,Twenty20
RD Gaikwad, F du Plessis,82,out,1st,CSK,PBKS,Abu Dhabi,01/11/2020,Twenty20
SPD Smith, SV Samson,81,out,2nd,RR,PBKS,Sharjah,27/09/2020,Twenty20
D Padikkal, AJ Finch,81,out,1st,RCB,MI,Dubai (DICS),28/09/2020,Twenty20
SR Watson, AT Rayudu,81,out,3rd,CSK,SRH,Dubai (DICS),13/10/2020,Twenty20
Shubman Gill, EJG Morgan,81,out,4th,KKR,PBKS,Sharjah,26/10/2020,Twenty20
D Padikkal, V Kohli,79,out,2nd,RCB,RR,Dubai (DICS),17/10/2020,Twenty20
KL Rahul, KK Nair,78,not out,4th,PBKS,RCB,Dubai (DICS),24/09/2020,Twenty20
RA Tripathi, EJG Morgan,78,out,7th,KKR,DC,Sharjah,03/10/2020,Twenty20
Ishan Kishan, Q de Kock,78,out,3rd,MI,SRH,Sharjah,04/10/2020,Twenty20
KL Rahul, MA Agarwal,78,out,1st,PBKS,RCB,Sharjah,15/10/2020,Twenty20
Gurkeerat Singh, AB de Villiers,77,not out,4th,RCB,RR,Dubai (DICS),17/10/2020,Twenty20
DA Warner, JM Bairstow,77,out,1st,SRH,DC,Abu Dhabi,29/09/2020,Twenty20
PK Garg, Abhishek Sharma,77,out,5th,SRH,CSK,Dubai (DICS),02/10/2020,Twenty20
SA Yadav, HH Pandya,76,not out,5th,MI,RR,Abu Dhabi,06/10/2020,Twenty20
V Kohli, S Dube,76,not out,5th,RCB,CSK,Dubai (DICS),10/10/2020,Twenty20
RR Pant, SS Iyer,73,out,4th,DC,PBKS,Dubai (DICS),20/09/2020,Twenty20
PP Shaw, SS Iyer,73,out,2nd,DC,KKR,Sharjah,03/10/2020,Twenty20
DA Warner, MK Pandey,73,out,2nd,SRH,RR,Dubai (DICS),11/10/2020,Twenty20
AT Rayudu, RD Gaikwad,72,not out,2nd,CSK,PBKS,Abu Dhabi,01/11/2020,Twenty20
RA Jadeja, MS Dhoni,72,out,5th,CSK,SRH,Dubai (DICS),02/10/2020,Twenty20
RR Pant, SS Iyer,72,out,3rd,DC,KKR,Sharjah,03/10/2020,Twenty20
RA Tripathi, Shubman Gill,72,out,2nd,KKR,RR,Dubai (DICS),01/11/2020,Twenty20
MK Pandey, JM Bairstow,71,out,2nd,SRH,RCB,Dubai (DICS),21/09/2020,Twenty20
JR Philippe, D Padikkal,71,out,1st,RCB,MI,Abu Dhabi,28/10/2020,Twenty20
MP Stoinis, AR Patel,71,out,6th,DC,MI,Dubai (DICS),05/11/2020,Twenty20
SR Watson, AT Rayudu,69,out,2nd,CSK,KKR,Abu Dhabi,07/10/2020,Twenty20
N Pooran, GJ Maxwell,69,out,4th,PBKS,DC,Dubai (DICS),20/10/2020,Twenty20
PP Shaw, S Dhawan,68,out,1st,DC,RCB,Dubai (DICS),05/10/2020,Twenty20
SS Iyer, S Dhawan,68,out,3rd,DC,CSK,Sharjah,17/10/2020,Twenty20
AT Rayudu, RD Gaikwad,68,out,2nd,CSK,KKR,Dubai (DICS),29/10/2020,Twenty20
Ishan Kishan, Q de Kock,68,out,1st,MI,DC,Dubai (DICS),31/10/2020,Twenty20
KA Pollard, HH Pandya,67,not out,5th,MI,PBKS,Abu Dhabi,01/10/2020,Twenty20
D Padikkal, AJ Finch,67,out,1st,RCB,KKR,Sharjah,12/10/2020,Twenty20
AT Rayudu, RD Gaikwad,67,out,2nd,CSK,RCB,Dubai (DICS),25/10/2020,Twenty20
KS Williamson, JO Holder,65,not out,5th,SRH,RCB,Abu Dhabi,06/11/2020,Twenty20
F du Plessis, MS Dhoni,65,out,6th,CSK,RR,Sharjah,22/09/2020,Twenty20
Shubman Gill, N Rana,64,out,2nd,KKR,DC,Sharjah,03/10/2020,Twenty20
AT Rayudu, N Jagadeesan,64,out,3rd,CSK,RCB,Dubai (DICS),10/10/2020,Twenty20
SS Tiwary, HH Pandya,64,out,5th,MI,RR,Abu Dhabi,25/10/2020,Twenty20
RR Pant, SS Iyer,63,out,3rd,DC,KKR,Abu Dhabi,24/10/2020,Twenty20
WP Saha, MK Pandey,63,out,2nd,SRH,DC,Dubai (DICS),27/10/2020,Twenty20
WP Saha, MK Pandey,62,out,3rd,SRH,KKR,Abu Dhabi,26/09/2020,Twenty20
D Padikkal, AB de Villiers,62,out,3rd,RCB,MI,Dubai (DICS),28/09/2020,Twenty20
RG Sharma, Ishan Kishan,62,out,3rd,MI,PBKS,Abu Dhabi,01/10/2020,Twenty20
SA Yadav, Q de Kock,62,out,2nd,MI,DC,Dubai (DICS),05/11/2020,Twenty20
R Tewatia, SV Samson,61,out,3rd,RR,PBKS,Sharjah,27/09/2020,Twenty20
KL Rahul, MA Agarwal,61,out,1st,PBKS,CSK,Dubai (DICS),04/10/2020,Twenty20
HH Pandya, Ishan Kishan,60,not out,6th,MI,DC,Dubai (DICS),05/11/2020,Twenty20
DA Warner, MK Pandey,60,out,2nd,SRH,MI,Sharjah,04/10/2020,Twenty20
RV Uthappa, BA Stokes,60,out,1st,RR,PBKS,Abu Dhabi,30/10/2020,Twenty20
RR Pant, SS Iyer,58,out,3rd,DC,CSK,Dubai (DICS),25/09/2020,Twenty20
KL Rahul, N Pooran,58,out,3rd,PBKS,CSK,Dubai (DICS),04/10/2020,Twenty20
SPD Smith, JC Buttler,58,out,4th,RR,RCB,Dubai (DICS),17/10/2020,Twenty20
EJG Morgan, KD Karthik,58,out,5th,KKR,SRH,Abu Dhabi,18/10/2020,Twenty20
KS Williamson, JM Bairstow,58,out,1st,SRH,KKR,Abu Dhabi,18/10/2020,Twenty20
KH Pandya, Q de Kock,58,out,4th,MI,PBKS,Dubai (DICS),18/10/2020,Twenty20
KA Pollard, NM Coulter-Nile,57,not out,7th,MI,PBKS,Dubai (DICS),18/10/2020,Twenty20
KL Rahul, N Pooran,57,out,2nd,PBKS,RCB,Dubai (DICS),24/09/2020,Twenty20
KL Rahul, MA Agarwal,57,out,1st,PBKS,RCB,Dubai (DICS),24/09/2020,Twenty20
D Padikkal, V Kohli,57,out,2nd,RCB,DC,Abu Dhabi,02/11/2020,Twenty20
KS Williamson, Abdul Samad,57,out,5th,SRH,DC,Abu Dhabi,08/11/2020,Twenty20
CJ Jordan, MA Agarwal,56,out,7th,PBKS,DC,Dubai (DICS),20/09/2020,Twenty20
SR Watson, M Vijay,56,out,1st,CSK,RR,Sharjah,22/09/2020,Twenty20
PP Shaw, S Dhawan,56,out,1st,DC,KKR,Sharjah,03/10/2020,Twenty20
D Padikkal, V Kohli,181,not out,1st,RCB,RR,Wankhede,22/04/2021,Twenty20
SV Samson, JC Buttler,150,out,2nd,RR,SRH,Delhi,02/05/2021,Twenty20
PP Shaw, S Dhawan,138,out,1st,DC,CSK,Wankhede,10/04/2021,Twenty20
PP Shaw, S Dhawan,132,out,1st,DC,KKR,Ahmedabad,29/04/2021,Twenty20
RD Gaikwad, F du Plessis,129,out,1st,CSK,SRH,Delhi,28/04/2021,Twenty20
KL Rahul, MA Agarwal,122,out,1st,PBKS,DC,Wankhede,18/04/2021,Twenty20
KL Rahul, MA Agarwal,120,out,1st,PBKS,RR,Dubai (DICS),21/09/2021,Twenty20
RD Gaikwad, F du Plessis,115,out,1st,CSK,KKR,Wankhede,21/04/2021,Twenty20
GJ Maxwell, KS Bharat,111,not out,4th,RCB,DC,Dubai (DICS),08/10/2021,Twenty20
D Padikkal, V Kohli,111,out,1st,RCB,CSK,Sharjah,24/09/2021,Twenty20
RV Uthappa, RD Gaikwad,110,out,2nd,CSK,DC,Dubai (DICS),10/10/2021,Twenty20
F du Plessis, MM Ali,108,out,2nd,CSK,MI,Delhi,01/05/2021,Twenty20
DA Warner, MK Pandey,106,out,2nd,SRH,CSK,Delhi,28/04/2021,Twenty20
KL Rahul, DJ Hooda,105,out,3rd,PBKS,RR,Wankhede,12/04/2021,Twenty20
AT Rayudu, RA Jadeja,102,not out,5th,CSK,MI,Delhi,01/05/2021,Twenty20
Shubman Gill, VR Iyer,96,out,1st,KKR,DC,Sharjah,13/10/2021,Twenty20
RA Tripathi, N Rana,93,out,2nd,KKR,SRH,Chennai,11/04/2021,Twenty20
MK Pandey, JM Bairstow,92,out,3rd,SRH,KKR,Chennai,11/04/2021,Twenty20
KL Rahul, MA Agarwal,91,out,1st,PBKS,RCB,Sharjah,03/10/2021,Twenty20
Shubman Gill, VR Iyer,91,out,1st,KKR,CSK,Dubai (DICS),15/10/2021,Twenty20
KA Pollard, KH Pandya,89,out,4th,MI,CSK,Delhi,01/05/2021,Twenty20
SV Samson, S Dube,89,out,3rd,RR,CSK,Abu Dhabi,02/10/2021,Twenty20
RA Tripathi, VR Iyer,88,out,2nd,KKR,MI,Abu Dhabi,23/09/2021,Twenty20
PP Shaw, S Dhawan,88,out,1st,DC,RCB,Dubai (DICS),08/10/2021,Twenty20
D Padikkal, GJ Maxwell,86,out,3rd,RCB,KKR,Chennai,18/04/2021,Twenty20
SV Samson, MK Lomror,84,out,4th,RR,SRH,Dubai (DICS),27/09/2021,Twenty20
DA Warner, MK Pandey,83,out,2nd,SRH,RCB,Chennai,14/04/2021,Twenty20
RR Pant, SO Hetmyer,83,out,5th,DC,CSK,Dubai (DICS),10/10/2021,Twenty20
Shubman Gill, VR Iyer,82,out,1st,KKR,RCB,Abu Dhabi,20/09/2021,Twenty20
AD Russell, KD Karthik,81,out,6th,KKR,CSK,Wankhede,21/04/2021,Twenty20
PP Shaw, S Dhawan,81,out,1st,DC,SRH,Chennai,25/04/2021,Twenty20
RA Jadeja, RD Gaikwad,81,out,5th,CSK,MI,Dubai (DICS),19/09/2021,Twenty20
KL Rahul, CH Gayle,80,out,2nd,PBKS,RCB,Ahmedabad,30/04/2021,Twenty20
RG Sharma, Ishan Kishan,80,out,1st,MI,SRH,Abu Dhabi,08/10/2021,Twenty20
KL Rahul, CH Gayle,79,not out,2nd,PBKS,MI,Chennai,23/04/2021,Twenty20
SA Yadav, RG Sharma,79,out,3rd,MI,PBKS,Chennai,23/04/2021,Twenty20
Shubman Gill, VR Iyer,79,out,1st,KKR,RR,Sharjah,07/10/2021,Twenty20
RR Pant, SO Hetmyer,78,not out,5th,DC,RCB,Ahmedabad,27/04/2021,Twenty20
RG Sharma, Q de Kock,78,out,1st,MI,KKR,Abu Dhabi,23/09/2021,Twenty20
E Lewis, YBK Jaiswal,77,out,1st,RR,RCB,Dubai (DICS),29/09/2021,Twenty20
E Lewis, YBK Jaiswal,77,out,1st,RR,CSK,Abu Dhabi,02/10/2021,Twenty20
SA Yadav, RG Sharma,76,out,2nd,MI,KKR,Chennai,13/04/2021,Twenty20
RD Gaikwad, F du Plessis,75,out,1st,CSK,SRH,Sharjah,30/09/2021,Twenty20
RD Gaikwad, F du Plessis,74,out,1st,CSK,RCB,Wankhede,25/04/2021,Twenty20
RD Gaikwad, F du Plessis,74,out,1st,CSK,KKR,Abu Dhabi,26/09/2021,Twenty20
DA Warner, JM Bairstow,73,out,1st,SRH,PBKS,Chennai,21/04/2021,Twenty20
GJ Maxwell, AB de Villiers,73,out,4th,RCB,PBKS,Sharjah,03/10/2021,Twenty20
Shubman Gill, N Rana,72,out,1st,KKR,MI,Chennai,13/04/2021,Twenty20
RA Tripathi, VR Iyer,72,out,2nd,KKR,PBKS,Dubai (DICS),01/10/2021,Twenty20
RG Sharma, Q de Kock,71,out,1st,MI,CSK,Delhi,01/05/2021,Twenty20
RD Gaikwad, F du Plessis,71,out,1st,CSK,RCB,Sharjah,24/09/2021,Twenty20
SA Yadav, CA Lynn,70,out,2nd,MI,RCB,Chennai,09/04/2021,Twenty20
KL Rahul, MA Agarwal,70,out,1st,PBKS,KKR,Dubai (DICS),01/10/2021,Twenty20
AT Rayudu, MS Dhoni,70,out,5th,CSK,DC,Dubai (DICS),04/10/2021,Twenty20
KS Williamson, JJ Roy,70,out,2nd,SRH,RCB,Abu Dhabi,06/10/2021,Twenty20
GJ Maxwell, KS Bharat,69,out,3rd,RCB,RR,Dubai (DICS),29/09/2021,Twenty20
V Kohli, KS Bharat,68,out,2nd,RCB,MI,Dubai (DICS),26/09/2021,Twenty20
D Padikkal, V Kohli,68,out,1st,RCB,PBKS,Sharjah,03/10/2021,Twenty20
F du Plessis, MM Ali,68,out,3rd,CSK,KKR,Dubai (DICS),15/10/2021,Twenty20
RR Pant, SS Iyer,67,not out,3rd,DC,SRH,Dubai (DICS),22/09/2021,Twenty20
KL Rahul, CH Gayle,67,out,2nd,PBKS,RR,Wankhede,12/04/2021,Twenty20
DA Warner, JM Bairstow,67,out,1st,SRH,MI,Chennai,17/04/2021,Twenty20
RA Jadeja, F du Plessis,67,out,6th,CSK,PBKS,Dubai (DICS),07/10/2021,Twenty20
F du Plessis, MM Ali,66,out,2nd,CSK,PBKS,Wankhede,16/04/2021,Twenty20
R Parag, S Dube,66,out,5th,RR,RCB,Wankhede,22/04/2021,Twenty20
RA Tripathi, EJG Morgan,66,out,4th,KKR,PBKS,Ahmedabad,26/04/2021,Twenty20
YBK Jaiswal, JC Buttler,66,out,1st,RR,MI,Delhi,29/04/2021,Twenty20
JJ Roy, Abhishek Sharma,64,out,1st,SRH,MI,Abu Dhabi,08/10/2021,Twenty20
AT Rayudu, SK Raina,63,out,4th,CSK,DC,Wankhede,10/04/2021,Twenty20
KH Pandya, Q de Kock,63,out,3rd,MI,RR,Delhi,29/04/2021,Twenty20
PP Shaw, S Dhawan,63,out,1st,DC,PBKS,Ahmedabad,02/05/2021,Twenty20
RV Uthappa, F du Plessis,63,out,2nd,CSK,KKR,Dubai (DICS),15/10/2021,Twenty20
RR Pant, SS Iyer,62,out,3rd,DC,RR,Abu Dhabi,25/09/2021,Twenty20
KL Rahul, Harpreet Brar,61,not out,6th,PBKS,RCB,Ahmedabad,30/04/2021,Twenty20
AK Markram, DJ Hooda,61,out,5th,PBKS,MI,Abu Dhabi,28/09/2021,Twenty20
RD Gaikwad, F du Plessis,61,out,1st,CSK,KKR,Dubai (DICS),15/10/2021,Twenty20
PP Shaw, S Dhawan,59,out,1st,DC,PBKS,Wankhede,18/04/2021,Twenty20
SA Yadav, RG Sharma,58,out,2nd,MI,DC,Chennai,20/04/2021,Twenty20
SPD Smith, RR Pant,58,out,3rd,DC,SRH,Chennai,25/04/2021,Twenty20
SV Samson, S Dube,57,out,3rd,RR,MI,Delhi,29/04/2021,Twenty20
MK Pandey, JM Bairstow,57,out,1st,SRH,RR,Delhi,02/05/2021,Twenty20
N Pooran, AK Markram,57,out,3rd,PBKS,RR,Dubai (DICS),21/09/2021,Twenty20
RG Sharma, Q de Kock,57,out,1st,MI,RCB,Dubai (DICS),26/09/2021,Twenty20
KS Williamson, JJ Roy,57,out,2nd,SRH,RR,Dubai (DICS),27/09/2021,Twenty20
WP Saha, JJ Roy,57,out,1st,SRH,RR,Dubai (DICS),27/09/2021,Twenty20
RD Gaikwad, MM Ali,57,out,3rd,CSK,RR,Abu Dhabi,02/10/2021,Twenty20
KA Jamieson, AB de Villiers,56,not out,5th,RCB,KKR,Chennai,18/04/2021,Twenty20
SV Samson, YBK Jaiswal,56,out,2nd,RR,SRH,Dubai (DICS),27/09/2021,Twenty20
MK Pandey, PK Garg,56,out,5th,SRH,MI,Abu Dhabi,08/10/2021,Twenty20
RA Jadeja, RD Gaikwad,55,not out,5th,CSK,RR,Abu Dhabi,02/10/2021,Twenty20
RG Sharma, Q de Kock,55,out,1st,MI,SRH,Chennai,17/04/2021,Twenty20
Shubman Gill, N Rana,55,out,3rd,KKR,SRH,Dubai (DICS),03/10/2021,Twenty20
RM Patidar, AB de Villiers,54,out,4th,RCB,DC,Ahmedabad,27/04/2021,Twenty20
E Lewis, YBK Jaiswal,54,out,1st,RR,PBKS,Dubai (DICS),21/09/2021,Twenty20
D Padikkal, GJ Maxwell,54,out,4th,RCB,SRH,Abu Dhabi,06/10/2021,Twenty20
SK Raina, MM Ali,53,out,3rd,CSK,DC,Wankhede,10/04/2021,Twenty20
Shubman Gill, N Rana,53,out,1st,KKR,SRH,Chennai,11/04/2021,Twenty20
SV Samson, S Dube,53,out,4th,RR,PBKS,Wankhede,12/04/2021,Twenty20
GJ Maxwell, AB de Villiers,53,out,4th,RCB,KKR,Chennai,18/04/2021,Twenty20
SPD Smith, S Dhawan,53,out,2nd,DC,MI,Chennai,20/04/2021,Twenty20
KL Rahul, Q de Kock,210,not out,1st,LSG,KKR,DY Patil,18/05/2022,Twenty20
RD Gaikwad, DP Conway,182,out,1st,CSK,SRH,Pune,01/05/2022,Twenty20
RV Uthappa, S Dube,165,out,3rd,CSK,RCB,DY Patil,12/04/2022,Twenty20
D Padikkal, JC Buttler,155,out,1st,RR,DC,Wankhede,22/04/2022,Twenty20
DA Warner, MR Marsh,144,out,2nd,DC,RR,DY Patil,11/05/2022,Twenty20
DA Warner, R Powell,122,not out,4th,DC,SRH,Brabourne,05/05/2022,Twenty20
V Kohli, F du Plessis,118,out,2nd,RCB,PBKS,DY Patil,27/03/2022,Twenty20
V Kohli, F du Plessis,115,out,1st,RCB,GT,Wankhede,19/05/2022,Twenty20
PBB Rajapaksa, S Dhawan,110,out,2nd,PBKS,CSK,Wankhede,25/04/2022,Twenty20
RD Gaikwad, DP Conway,110,out,1st,CSK,DC,DY Patil,08/05/2022,Twenty20
SS Iyer, AJ Finch,107,out,2nd,KKR,RR,Brabourne,18/04/2022,Twenty20
HH Pandya, DA Miller,106,not out,4th,GT,RR,Eden Gardens,24/05/2022,Twenty20
Shubman Gill, WP Saha,106,out,1st,GT,MI,Brabourne,06/05/2022,Twenty20
RM Patidar, F du Plessis,105,out,2nd,RCB,SRH,Wankhede,08/05/2022,Twenty20
Shubman Gill, B Sai Sudharsan,101,out,2nd,GT,PBKS,Brabourne,08/04/2022,Twenty20
KL Rahul, Q de Kock,99,out,1st,LSG,CSK,Brabourne,31/03/2022,Twenty20
RM Patidar, V Kohli,99,out,2nd,RCB,GT,Brabourne,30/04/2022,Twenty20
Shahbaz Ahmed, KD Karthik,97,not out,6th,RCB,DC,Wankhede,16/04/2022,Twenty20
S Dhawan, MA Agarwal,97,out,1st,PBKS,MI,Pune,13/04/2022,Twenty20
D Padikkal, JC Buttler,97,out,1st,RR,KKR,Brabourne,18/04/2022,Twenty20
AK Markram, Abhishek Sharma,96,out,3rd,SRH,GT,Wankhede,27/04/2022,Twenty20
KL Rahul, DJ Hooda,96,out,3rd,LSG,RCB,Eden Gardens,25/05/2022,Twenty20
LS Livingstone, S Dhawan,95,out,3rd,PBKS,CSK,Brabourne,03/04/2022,Twenty20
KL Rahul, DJ Hooda,95,out,2nd,LSG,DC,Wankhede,01/05/2022,Twenty20
RG Sharma, Ishan Kishan,95,out,1st,MI,SRH,Wankhede,17/05/2022,Twenty20
RA Tripathi, AK Markram,94,out,3rd,SRH,KKR,Brabourne,15/04/2022,Twenty20
DA Warner, PP Shaw,93,out,1st,DC,KKR,Brabourne,10/04/2022,Twenty20
RM Patidar, KD Karthik,92,not out,5th,RCB,LSG,Eden Gardens,25/05/2022,Twenty20
AT Rayudu, RD Gaikwad,92,out,3rd,CSK,GT,Pune,17/04/2022,Twenty20
AD Russell, SW Billings,90,not out,5th,KKR,PBKS,Wankhede,01/04/2022,Twenty20
KS Williamson, Abhishek Sharma,89,out,1st,SRH,CSK,DY Patil,09/04/2022,Twenty20
DJ Hooda, A Badoni,87,out,5th,LSG,GT,Wankhede,28/03/2022,Twenty20
KL Rahul, DJ Hooda,87,out,4th,LSG,SRH,DY Patil,04/04/2022,Twenty20
PBB Rajapaksa, S Dhawan,87,out,2nd,PBKS,GT,DY Patil,03/05/2022,Twenty20
HH Pandya, A Manohar,86,out,4th,GT,RR,DY Patil,14/04/2022,Twenty20
DJ Hooda, Q de Kock,85,out,2nd,LSG,PBKS,Pune,29/04/2022,Twenty20
NT Tilak Varma, D Brevis,84,out,3rd,MI,PBKS,Pune,13/04/2022,Twenty20
SO Hetmyer, JC Buttler,83,not out,4th,RR,RCB,Wankhede,05/04/2022,Twenty20
SA Yadav, NT Tilak Varma,83,out,4th,MI,KKR,Pune,06/04/2022,Twenty20
DA Warner, PP Shaw,83,out,1st,DC,PBKS,Brabourne,20/04/2022,Twenty20
DP Conway, MM Ali,83,out,2nd,CSK,RR,Brabourne,20/05/2022,Twenty20
SV Samson, JC Buttler,82,out,3rd,RR,MI,DY Patil,02/04/2022,Twenty20
NT Tilak Varma, Ishan Kishan,81,out,3rd,MI,RR,DY Patil,02/04/2022,Twenty20
SA Yadav, NT Tilak Varma,81,out,3rd,MI,RR,DY Patil,30/04/2022,Twenty20
V Kohli, Anuj Rawat,80,out,2nd,RCB,MI,Pune,09/04/2022,Twenty20
R Tewatia, DA Miller,79,not out,5th,GT,RCB,Brabourne,30/04/2022,Twenty20
RA Tripathi, PK Garg,78,out,2nd,SRH,MI,Wankhede,17/05/2022,Twenty20
RA Tripathi, N Pooran,76,out,3rd,SRH,MI,Wankhede,17/05/2022,Twenty20
Lalit Yadav, AR Patel,75,not out,7th,DC,MI,Brabourne,27/03/2022,Twenty20
RR Pant, SN Khan,75,not out,4th,DC,LSG,DY Patil,07/04/2022,Twenty20
N Pooran, AK Markram,75,not out,4th,SRH,PBKS,DY Patil,17/04/2022,Twenty20
WP Saha, HH Pandya,75,out,2nd,GT,KKR,DY Patil,23/04/2022,Twenty20
R Powell, RR Pant,75,out,5th,DC,MI,Wankhede,21/05/2022,Twenty20
RG Sharma, Ishan Kishan,74,out,1st,MI,GT,Brabourne,06/05/2022,Twenty20
SV Samson, D Padikkal,73,out,3rd,RR,SRH,Pune,29/03/2022,Twenty20
KL Rahul, Q de Kock,73,out,1st,LSG,DC,DY Patil,07/04/2022,Twenty20
SA Yadav, JD Unadkat,72,not out,7th,MI,RCB,Pune,09/04/2022,Twenty20
KL Rahul, MK Pandey,72,out,2nd,LSG,MI,Brabourne,16/04/2022,Twenty20
MS Wade, Shubman Gill,72,out,2nd,GT,RR,Eden Gardens,24/05/2022,Twenty20
S Dhawan, MA Agarwal,71,out,1st,PBKS,RCB,DY Patil,27/03/2022,Twenty20
M Shahrukh Khan, LS Livingstone,71,out,5th,PBKS,SRH,DY Patil,17/04/2022,Twenty20
DJ Hooda, Q de Kock,71,out,2nd,LSG,KKR,Pune,07/05/2022,Twenty20
RA Jadeja, MS Dhoni,70,not out,6th,CSK,KKR,Wankhede,26/03/2022,Twenty20
D Padikkal, JC Buttler,70,out,2nd,RR,RCB,Wankhede,05/04/2022,Twenty20
Rashid Khan, DA Miller,70,out,6th,GT,CSK,Pune,17/04/2022,Twenty20
Shahbaz Ahmed, F du Plessis,70,out,5th,RCB,LSG,DY Patil,19/04/2022,Twenty20
RM Patidar, F du Plessis,70,out,2nd,RCB,RR,Ahmedabad,27/05/2022,Twenty20
N Rana, SS Iyer,69,out,3rd,KKR,DC,Brabourne,10/04/2022,Twenty20
Shubman Gill, WP Saha,69,out,1st,GT,SRH,Wankhede,27/04/2022,Twenty20
SO Hetmyer, R Ashwin,68,out,5th,RR,LSG,Wankhede,10/04/2022,Twenty20
SV Samson, JC Buttler,68,out,2nd,RR,GT,Eden Gardens,24/05/2022,Twenty20
RG Sharma, Ishan Kishan,67,out,1st,MI,DC,Brabourne,27/03/2022,Twenty20
Shahbaz Ahmed, KD Karthik,67,out,6th,RCB,RR,Wankhede,05/04/2022,Twenty20
DA Warner, PP Shaw,67,out,1st,DC,LSG,DY Patil,07/04/2022,Twenty20
SV Samson, JC Buttler,67,out,2nd,RR,KKR,Brabourne,18/04/2022,Twenty20
RK Singh, N Rana,66,not out,4th,KKR,RR,Wankhede,02/05/2022,Twenty20
SS Iyer, SW Billings,66,out,4th,KKR,LSG,DY Patil,18/05/2022,Twenty20
RM Patidar, V Kohli,66,out,2nd,RCB,LSG,Eden Gardens,25/05/2022,Twenty20
Shubman Gill, HH Pandya,65,out,3rd,GT,DC,Pune,02/04/2022,Twenty20
Lalit Yadav, DA Warner,65,out,3rd,DC,KKR,Wankhede,28/04/2022,Twenty20
KH Pandya, DJ Hooda,65,out,4th,LSG,RR,Brabourne,15/05/2022,Twenty20
KS Williamson, Abhishek Sharma,64,out,1st,SRH,GT,DY Patil,11/04/2022,Twenty20
SA Yadav, NT Tilak Varma,64,out,4th,MI,LSG,Brabourne,16/04/2022,Twenty20
KS Williamson, Abhishek Sharma,64,out,1st,SRH,RCB,Brabourne,23/04/2022,Twenty20
AT Rayudu, RA Jadeja,64,out,5th,CSK,PBKS,Wankhede,25/04/2022,Twenty20
RM Patidar, GJ Maxwell,64,out,4th,RCB,PBKS,Brabourne,13/05/2022,Twenty20
SV Samson, YBK Jaiswal,64,out,2nd,RR,LSG,Brabourne,15/05/2022,Twenty20
AD Russell, SW Billings,63,out,6th,KKR,SRH,Pune,14/05/2022,Twenty20
Shubman Gill, HH Pandya,63,out,3rd,GT,RR,Ahmedabad,29/05/2022,Twenty20
S Dube, MS Dhoni,62,out,6th,CSK,PBKS,Brabourne,03/04/2022,Twenty20
AT Rayudu, MM Ali,62,out,3rd,CSK,SRH,DY Patil,09/04/2022,Twenty20
RK Singh, N Rana,62,out,7th,KKR,DC,Wankhede,28/04/2022,Twenty20
V Kohli, F du Plessis,62,out,1st,RCB,CSK,Pune,04/05/2022,Twenty20
VR Iyer, PJ Cummins,61,not out,6th,KKR,MI,Pune,06/04/2022,Twenty20
Lalit Yadav, RR Pant,61,out,4th,DC,GT,Pune,02/04/2022,Twenty20
HH Pandya, DA Miller,61,out,4th,GT,RCB,Wankhede,19/05/2022,Twenty20
YBK Jaiswal, JC Buttler,61,out,1st,RR,RCB,Ahmedabad,27/05/2022,Twenty20
R Tewatia, DA Miller,60,out,5th,GT,LSG,Wankhede,28/03/2022,Twenty20
AT Rayudu, S Dube,60,out,4th,CSK,LSG,Brabourne,31/03/2022,Twenty20
Shahbaz Ahmed, SS Prabhudessai,60,out,5th,RCB,CSK,DY Patil,12/04/2022,Twenty20
V Kohli, F du Plessis,172,out,1st,RCB,SRH,Hyderabad,18/05/2023,Twenty20
V Kohli, F du Plessis,148,out,1st,RCB,MI,Bengaluru,02/04/2023,Twenty20
Shubman Gill, B Sai Sudharsan,147,out,2nd,GT,SRH,Ahmedabad,15/05/2023,Twenty20
Shubman Gill, WP Saha,142,out,1st,GT,LSG,Ahmedabad,07/05/2023,Twenty20
RD Gaikwad, DP Conway,141,out,1st,CSK,DC,Delhi,20/05/2023,Twenty20
SA Yadav, N Wadhera,140,out,3rd,MI,RCB,Wankhede,09/05/2023,Twenty20
Vivrant Sharma, MA Agarwal,140,out,1st,SRH,MI,Wankhede,21/05/2023,Twenty20
SV Samson, JC Buttler,138,out,2nd,RR,SRH,Jaipur,07/05/2023,Twenty20
Shubman Gill, B Sai Sudharsan,138,out,2nd,GT,MI,Ahmedabad,26/05/2023,Twenty20
V Kohli, F du Plessis,137,out,1st,RCB,PBKS,Mohali,20/04/2023,Twenty20
RG Sharma, C Green,128,out,2nd,MI,SRH,Wankhede,21/05/2023,Twenty20
GJ Maxwell, F du Plessis,127,out,3rd,RCB,RR,Bengaluru,23/04/2023,Twenty20
GJ Maxwell, F du Plessis,126,out,3rd,RCB,CSK,Bengaluru,17/04/2023,Twenty20
Shubman Gill, V Shankar,123,out,2nd,GT,RCB,Bengaluru,21/05/2023,Twenty20
SV Samson, YBK Jaiswal,121,not out,2nd,RR,KKR,Eden Gardens,11/05/2023,Twenty20
GJ Maxwell, F du Plessis,120,out,3rd,RCB,MI,Wankhede,09/05/2023,Twenty20
JM Sharma, LS Livingstone,119,not out,4th,PBKS,MI,Mohali,03/05/2023,Twenty20
SA Yadav, Ishan Kishan,116,out,3rd,MI,PBKS,Mohali,03/05/2023,Twenty20
GJ Maxwell, F du Plessis,115,out,2nd,RCB,LSG,Bengaluru,10/04/2023,Twenty20
PD Salt, MR Marsh,112,out,2nd,DC,SRH,Delhi,29/04/2023,Twenty20
RD Gaikwad, DP Conway,110,out,1st,CSK,LSG,Chennai,03/04/2023,Twenty20
SN Thakur, RK Singh,103,out,6th,KKR,RCB,Eden Gardens,06/04/2023,Twenty20
RA Tripathi, AK Markram,100,not out,3rd,SRH,PBKS,Hyderabad,09/04/2023,Twenty20
N Rana, VR Iyer,100,out,3rd,KKR,GT,Ahmedabad,09/04/2023,Twenty20
RK Singh, N Rana,99,out,4th,KKR,CSK,Chennai,14/05/2023,Twenty20
YBK Jaiswal, JC Buttler,98,out,1st,RR,DC,Guwahati,08/04/2023,Twenty20
D Padikkal, YBK Jaiswal,98,out,2nd,RR,RCB,Bengaluru,23/04/2023,Twenty20
V Kohli, F du Plessis,96,out,1st,RCB,LSG,Bengaluru,10/04/2023,Twenty20
DA Warner, PP Shaw,94,out,1st,DC,PBKS,Dharamsala,17/05/2023,Twenty20
Harpreet Singh, SM Curran,92,out,5th,PBKS,MI,Wankhede,22/04/2023,Twenty20
Prabhsimran Singh, S Dhawan,90,out,1st,PBKS,RR,Guwahati,05/04/2023,Twenty20
RG Sharma, Ishan Kishan,90,out,1st,MI,LSG,Lucknow,16/05/2023,Twenty20
MP Stoinis, A Badoni,89,out,3rd,LSG,PBKS,Mohali,28/04/2023,Twenty20
Rashid Khan, AS Joseph,88,not out,9th,GT,MI,Wankhede,12/05/2023,Twenty20
KR Mayers, Q de Kock,88,out,1st,LSG,GT,Ahmedabad,07/05/2023,Twenty20
V Shankar, DA Miller,87,not out,4th,GT,KKR,Eden Gardens,29/04/2023,Twenty20
YBK Jaiswal, JC Buttler,87,out,1st,RR,LSG,Jaipur,19/04/2023,Twenty20
RD Gaikwad, DP Conway,87,out,1st,CSK,SRH,Chennai,21/04/2023,Twenty20
RD Gaikwad, DP Conway,87,out,1st,CSK,GT,Chennai,23/05/2023,Twenty20
PBB Rajapaksa, S Dhawan,86,out,2nd,PBKS,KKR,Mohali,01/04/2023,Twenty20
YBK Jaiswal, JC Buttler,86,out,1st,RR,CSK,Jaipur,27/04/2023,Twenty20
RD Gaikwad, DP Conway,86,out,1st,CSK,PBKS,Chennai,30/04/2023,Twenty20
YBK Jaiswal, JC Buttler,85,out,1st,RR,SRH,Hyderabad,02/04/2023,Twenty20
AM Rahane, S Dube,85,out,3rd,CSK,KKR,Eden Gardens,23/04/2023,Twenty20
N Pooran, A Badoni,84,out,6th,LSG,RCB,Bengaluru,10/04/2023,Twenty20
JJ Roy, N Jagadeesan,83,out,1st,KKR,RCB,Bengaluru,26/04/2023,Twenty20
MP Stoinis, KH Pandya,82,not out,4th,LSG,MI,Lucknow,16/05/2023,Twenty20
AM Rahane, RD Gaikwad,82,out,2nd,CSK,MI,Wankhede,08/04/2023,Twenty20
KL Rahul, KR Mayers,82,out,1st,LSG,RR,Jaipur,19/04/2023,Twenty20
V Kohli, F du Plessis,82,out,1st,RCB,DC,Delhi,06/05/2023,Twenty20
B Sai Sudharsan, HH Pandya,81,out,3rd,GT,CSK,Ahmedabad,28/05/2023,Twenty20
S Dube, DP Conway,80,out,3rd,CSK,RCB,Bengaluru,17/04/2023,Twenty20
N Rana, VR Iyer,80,out,3rd,KKR,RCB,Bengaluru,26/04/2023,Twenty20
KR Mayers, DJ Hooda,79,out,2nd,LSG,DC,Lucknow,01/04/2023,Twenty20
KL Rahul, KR Mayers,79,out,1st,LSG,CSK,Chennai,03/04/2023,Twenty20
A Taide, Sikandar Raza,78,out,3rd,PBKS,LSG,Mohali,28/04/2023,Twenty20
A Taide, LS Livingstone,78,out,3rd,PBKS,DC,Dharamsala,17/05/2023,Twenty20
D Padikkal, JC Buttler,77,out,2nd,RR,CSK,Chennai,12/04/2023,Twenty20
MP Stoinis, KL Rahul,76,out,4th,LSG,RCB,Bengaluru,10/04/2023,Twenty20
RG Sharma, C Green,76,out,2nd,MI,PBKS,Wankhede,22/04/2023,Twenty20
MP Stoinis, N Pooran,76,out,4th,LSG,PBKS,Mohali,28/04/2023,Twenty20
AK Markram, H Klaasen,76,out,3rd,SRH,RCB,Hyderabad,18/05/2023,Twenty20
SA Yadav, C Green,75,out,3rd,MI,PBKS,Wankhede,22/04/2023,Twenty20
AM Rahane, DP Conway,74,out,2nd,CSK,RCB,Bengaluru,17/04/2023,Twenty20
H Klaasen, HC Brook,74,out,4th,SRH,RCB,Hyderabad,18/05/2023,Twenty20
N Pooran, A Badoni,74,out,6th,LSG,KKR,Eden Gardens,20/05/2023,Twenty20
RD Gaikwad, DP Conway,74,out,1st,CSK,GT,Ahmedabad,28/05/2023,Twenty20
M Shahrukh Khan, SM Curran,73,not out,6th,PBKS,RR,Dharamsala,19/05/2023,Twenty20
RD Gaikwad, DP Conway,73,out,1st,CSK,KKR,Eden Gardens,23/04/2023,Twenty20
MP Stoinis, PN Mankad,73,out,3rd,LSG,SRH,Hyderabad,13/05/2023,Twenty20
D Padikkal, YBK Jaiswal,73,out,2nd,RR,PBKS,Dharamsala,19/05/2023,Twenty20
HC Brook, Abhishek Sharma,72,out,4th,SRH,KKR,Eden Gardens,14/04/2023,Twenty20
AK Markram, HC Brook,72,out,3rd,SRH,KKR,Eden Gardens,14/04/2023,Twenty20
YBK Jaiswal, JC Buttler,72,out,1st,RR,MI,Wankhede,30/04/2023,Twenty20
Prabhsimran Singh, SM Curran,72,out,4th,PBKS,DC,Delhi,13/05/2023,Twenty20
RG Sharma, Ishan Kishan,71,out,1st,MI,DC,Delhi,11/04/2023,Twenty20
DA Miller, A Manohar,71,out,5th,GT,MI,Ahmedabad,25/04/2023,Twenty20
Shubman Gill, WP Saha,71,out,1st,GT,RR,Jaipur,05/05/2023,Twenty20
AK Markram, H Klaasen,70,out,5th,SRH,KKR,Hyderabad,04/05/2023,Twenty20
RK Singh, N Rana,69,out,6th,KKR,SRH,Eden Gardens,14/04/2023,Twenty20
AR Patel, MK Pandey,69,out,6th,DC,SRH,Hyderabad,24/04/2023,Twenty20
DA Warner, PD Salt,69,out,1st,DC,PBKS,Delhi,13/05/2023,Twenty20
GJ Maxwell, F du Plessis,69,out,2nd,RCB,RR,Jaipur,14/05/2023,Twenty20
NT Tilak Varma, RG Sharma,68,out,2nd,MI,DC,Delhi,11/04/2023,Twenty20
AM Rahane, DP Conway,68,out,2nd,CSK,RR,Chennai,12/04/2023,Twenty20
WP Saha, HH Pandya,68,out,2nd,GT,LSG,Lucknow,22/04/2023,Twenty20
RA Jadeja, S Dube,68,out,6th,CSK,KKR,Chennai,14/05/2023,Twenty20
B Kumar, H Klaasen,68,out,8th,SRH,GT,Ahmedabad,15/05/2023,Twenty20
Shubman Gill, B Sai Sudharsan,67,out,2nd,GT,KKR,Ahmedabad,09/04/2023,Twenty20
DA Warner, AR Patel,67,out,6th,DC,MI,Delhi,11/04/2023,Twenty20
V Kohli, F du Plessis,67,out,1st,RCB,GT,Bengaluru,21/05/2023,Twenty20
Shubman Gill, WP Saha,67,out,1st,GT,CSK,Ahmedabad,28/05/2023,Twenty20
JM Sharma, S Dhawan,66,out,2nd,PBKS,RR,Guwahati,05/04/2023,Twenty20
SA Yadav, C Green,66,out,3rd,MI,LSG,Chennai,24/05/2023,Twenty20
PD Salt, RR Rossouw,65,not out,3rd,DC,PBKS,Dharamsala,17/05/2023,Twenty20
RG Sharma, Ishan Kishan,65,out,1st,MI,KKR,Wankhede,16/04/2023,Twenty20
RK Singh, JJ Roy,65,out,5th,KKR,CSK,Eden Gardens,23/04/2023,Twenty20
RA Tripathi, Abhishek Sharma,65,out,2nd,SRH,RR,Jaipur,07/05/2023,Twenty20
SA Yadav, Vishnu Vinod,65,out,4th,MI,GT,Wankhede,12/05/2023,Twenty20
V Kohli, Anuj Rawat,64,not out,6th,RCB,GT,Bengaluru,21/05/2023,Twenty20
Shubman Gill, B Sai Sudharsan,210,out,1st,GT,CSK,Ahmedabad,10/05/2024,Twenty20
TM Head, Abhishek Sharma,167,not out,1st,SRH,LSG,Hyderabad,08/05/2024,Twenty20
V Kohli, WG Jacks,166,not out,2nd,RCB,GT,Ahmedabad,28/04/2024,Twenty20
SV Samson, JC Buttler,148,out,2nd,RR,RCB,Jaipur,06/04/2024,Twenty20
SA Yadav, NT Tilak Varma,143,not out,4th,MI,SRH,Wankhede,06/05/2024,Twenty20
PD Salt, SP Narine,138,out,1st,KKR,PBKS,Eden Gardens,26/04/2024,Twenty20
KL Rahul, Q de Kock,134,out,1st,LSG,CSK,Lucknow,19/04/2024,Twenty20
R Parag, YBK Jaiswal,134,out,3rd,RR,SRH,Hyderabad,02/05/2024,Twenty20
TM Head, Abhishek Sharma,131,out,1st,SRH,DC,Delhi,20/04/2024,Twenty20
SV Samson, R Parag,130,out,3rd,RR,GT,Jaipur,10/04/2024,Twenty20
V Kohli, F du Plessis,125,out,1st,RCB,RR,Jaipur,06/04/2024,Twenty20
SV Samson, DC Jurel,121,not out,4th,RR,LSG,Lucknow,27/04/2024,Twenty20
PD Salt, SS Iyer,120,not out,3rd,KKR,LSG,Eden Gardens,14/04/2024,Twenty20
AK Markram, H Klaasen,116,not out,4th,SRH,MI,Hyderabad,27/03/2024,Twenty20
KL Rahul, DJ Hooda,115,out,3rd,LSG,RR,Lucknow,27/04/2024,Twenty20
J Fraser-McGurk, Abishek Porel,114,out,1st,DC,MI,Delhi,27/04/2024,Twenty20
AR Patel, RR Pant,113,out,4th,DC,GT,Delhi,24/04/2024,Twenty20
SV Samson, YBK Jaiswal,109,not out,2nd,RR,MI,Jaipur,22/04/2024,Twenty20
DJ Mitchell, MM Ali,109,out,4th,CSK,GT,Ahmedabad,10/05/2024,Twenty20
KL Rahul, N Pooran,109,out,4th,LSG,MI,Wankhede,17/05/2024,Twenty20
TM Head, Abhishek Sharma,108,out,1st,SRH,RCB,Bengaluru,15/04/2024,Twenty20
DJ Mitchell, RD Gaikwad,107,out,2nd,CSK,SRH,Chennai,28/04/2024,Twenty20
A Raghuvanshi, SP Narine,104,out,2nd,KKR,DC,Visakhapatnam,03/04/2024,Twenty20
RD Gaikwad, S Dube,104,out,4th,CSK,LSG,Chennai,23/04/2024,Twenty20
S Dhawan, JM Bairstow,102,out,1st,PBKS,LSG,Lucknow,30/03/2024,Twenty20
RM Patidar, WG Jacks,102,out,3rd,RCB,KKR,Eden Gardens,21/04/2024,Twenty20
RG Sharma, Ishan Kishan,101,out,1st,MI,RCB,Wankhede,11/04/2024,Twenty20
N Pooran, A Badoni,99,not out,5th,LSG,SRH,Hyderabad,08/05/2024,Twenty20
N Wadhera, NT Tilak Varma,99,out,5th,MI,RR,Jaipur,22/04/2024,Twenty20
VR Iyer, SS Iyer,97,not out,3rd,KKR,SRH,Ahmedabad,21/05/2024,Twenty20
A Taide, Prabhsimran Singh,97,out,1st,PBKS,SRH,Hyderabad,19/05/2024,Twenty20
K Nitish Kumar Reddy, TM Head,96,out,3rd,SRH,RR,Hyderabad,02/05/2024,Twenty20
KD Karthik, Anuj Rawat,95,out,6th,RCB,CSK,Chennai,22/03/2024,Twenty20
SV Samson, R Parag,93,out,3rd,RR,LSG,Jaipur,24/03/2024,Twenty20
DA Warner, PP Shaw,93,out,1st,DC,CSK,Visakhapatnam,31/03/2024,Twenty20
T Stubbs, RR Pant,93,out,5th,DC,KKR,Visakhapatnam,03/04/2024,Twenty20
Prabhsimran Singh, JM Bairstow,93,out,1st,PBKS,KKR,Eden Gardens,26/04/2024,Twenty20
V Kohli, F du Plessis,92,out,1st,RCB,GT,Bengaluru,04/05/2024,Twenty20
V Kohli, C Green,92,out,4th,RCB,PBKS,Dharamsala,09/05/2024,Twenty20
SD Hope, Abishek Porel,92,out,2nd,DC,LSG,Delhi,14/05/2024,Twenty20
Rahmanullah Gurbaz, VR Iyer,91,out,2nd,KKR,SRH,Chennai,26/05/2024,Twenty20
RD Gaikwad, S Dube,90,out,3rd,CSK,MI,Wankhede,14/04/2024,Twenty20
PP Shaw, Abishek Porel,88,out,2nd,DC,MI,Wankhede,07/04/2024,Twenty20
RM Patidar, WG Jacks,88,out,3rd,RCB,DC,Bengaluru,12/05/2024,Twenty20
RG Sharma, D Brevis,88,out,1st,MI,LSG,Wankhede,17/05/2024,Twenty20
PD Salt, SP Narine,86,out,1st,KKR,RCB,Bengaluru,29/03/2024,Twenty20
M Shahrukh Khan, B Sai Sudharsan,86,out,3rd,GT,RCB,Ahmedabad,28/04/2024,Twenty20
KL Rahul, N Pooran,85,out,5th,LSG,RR,Jaipur,24/03/2024,Twenty20
A Raghuvanshi, SP Narine,85,out,2nd,KKR,RR,Eden Gardens,16/04/2024,Twenty20
RR Rossouw, JM Bairstow,85,out,2nd,PBKS,KKR,Eden Gardens,26/04/2024,Twenty20
Shashank Singh, JM Bairstow,84,not out,3rd,PBKS,KKR,Eden Gardens,26/04/2024,Twenty20
NT Tilak Varma, Naman Dhir,84,out,3rd,MI,SRH,Hyderabad,27/03/2024,Twenty20
J Fraser-McGurk, Abishek Porel,84,out,3rd,DC,SRH,Delhi,20/04/2024,Twenty20
MK Pandey, VR Iyer,83,out,6th,KKR,MI,Wankhede,03/05/2024,Twenty20
RM Patidar, F du Plessis,82,out,3rd,RCB,MI,Wankhede,11/04/2024,Twenty20
B Sai Sudharsan, WP Saha,82,out,2nd,GT,DC,Delhi,24/04/2024,Twenty20
RK Singh, AD Russell,81,out,7th,KKR,SRH,Eden Gardens,23/03/2024,Twenty20
SA Yadav, RG Sharma,81,out,2nd,MI,PBKS,Mullanpur,18/04/2024,Twenty20
RG Sharma, Ishan Kishan,80,out,1st,MI,DC,Wankhede,07/04/2024,Twenty20
V Kohli, F du Plessis,80,out,1st,RCB,SRH,Bengaluru,15/04/2024,Twenty20
PD Salt, SP Narine,79,out,1st,KKR,DC,Eden Gardens,29/04/2024,Twenty20
A Raghuvanshi, SP Narine,79,out,2nd,KKR,LSG,Lucknow,05/05/2024,Twenty20
V Kohli, F du Plessis,78,out,1st,RCB,CSK,Bengaluru,18/05/2024,Twenty20
RG Sharma, D Brevis,77,out,3rd,MI,GT,Ahmedabad,24/03/2024,Twenty20
RR Pant, J Fraser-McGurk,77,out,3rd,DC,LSG,Lucknow,12/04/2024,Twenty20
RM Patidar, V Kohli,76,out,3rd,RCB,PBKS,Dharamsala,09/05/2024,Twenty20
VR Iyer, SS Iyer,75,out,3rd,KKR,RCB,Bengaluru,29/03/2024,Twenty20
YBK Jaiswal, JC Buttler,74,out,1st,RR,MI,Jaipur,22/04/2024,Twenty20
RD Gaikwad, S Dube,74,out,3rd,CSK,SRH,Chennai,28/04/2024,Twenty20
A Badoni, Arshad Khan,73,not out,8th,LSG,DC,Lucknow,12/04/2024,Twenty20
MP Stoinis, KL Rahul,73,out,3rd,LSG,GT,Lucknow,07/04/2024,Twenty20
RA Tripathi, Abhishek Sharma,72,out,2nd,SRH,PBKS,Hyderabad,19/05/2024,Twenty20
NT Tilak Varma, HH Pandya,71,out,4th,MI,DC,Delhi,27/04/2024,Twenty20
RM Patidar, C Green,71,out,3rd,RCB,CSK,Bengaluru,18/05/2024,Twenty20
K Nitish Kumar Reddy, H Klaasen,70,not out,4th,SRH,RR,Hyderabad,02/05/2024,Twenty20
DJ Mitchell, RD Gaikwad,70,out,2nd,CSK,KKR,Chennai,08/04/2024,Twenty20
RG Sharma, Ishan Kishan,70,out,1st,MI,CSK,Wankhede,14/04/2024,Twenty20
MP Stoinis, N Pooran,70,out,4th,LSG,CSK,Chennai,23/04/2024,Twenty20
NT Tilak Varma, TH David,70,out,6th,MI,DC,Delhi,27/04/2024,Twenty20
B Sai Sudharsan, DA Miller,69,not out,4th,GT,RCB,Ahmedabad,28/04/2024,Twenty20
TM Head, Abhishek Sharma,68,out,2nd,SRH,MI,Hyderabad,27/03/2024,Twenty20
AM Rahane, DJ Mitchell,68,out,3rd,CSK,DC,Visakhapatnam,31/03/2024,Twenty20
Naman Dhir, Ishan Kishan,68,out,6th,MI,LSG,Wankhede,17/05/2024,Twenty20
T Stubbs, RR Pant,67,not out,5th,DC,GT,Delhi,24/04/2024,Twenty20
LS Livingstone, SM Curran,67,out,5th,PBKS,DC,Mullanpur,23/03/2024,Twenty20
DA Warner, RR Pant,67,out,3rd,DC,RR,Jaipur,28/03/2024,Twenty20
Shahbaz Ahmed, K Nitish Kumar Reddy,67,out,5th,SRH,DC,Delhi,20/04/2024,Twenty20
RA Jadeja, S Dube,66,not out,5th,CSK,RCB,Chennai,22/03/2024,Twenty20
Shashank Singh, AR Sharma,66,not out,7th,PBKS,SRH,Mullanpur,09/04/2024,Twenty20
AK Markram, H Klaasen,66,out,3rd,SRH,RCB,Bengaluru,15/04/2024,Twenty20
R Ravindra, AM Rahane,66,out,3rd,CSK,RCB,Bengaluru,18/05/2024,Twenty20
V Kohli, C Green,65,out,2nd,RCB,KKR,Bengaluru,29/03/2024,Twenty20
AM Rahane, S Dube,65,out,3rd,CSK,SRH,Hyderabad,05/04/2024,Twenty20
RM Patidar, V Kohli,65,out,3rd,RCB,SRH,Hyderabad,25/04/2024,Twenty20
RR Rossouw, JM Bairstow,65,out,2nd,PBKS,RCB,Dharamsala,09/05/2024,Twenty20
RG Sharma, Ishan Kishan,65,out,1st,MI,KKR,Eden Gardens,11/05/2024,Twenty20
B Sai Sudharsan, DA Miller,64,out,3rd,GT,SRH,Ahmedabad,31/03/2024,Twenty20
Shubman Gill, B Sai Sudharsan,64,out,1st,GT,RR,Jaipur,10/04/2024,Twenty20
RR Rossouw, JM Bairstow,64,out,2nd,PBKS,CSK,Chennai,01/05/2024,Twenty20
AM Rahane, RD Gaikwad,64,out,1st,CSK,PBKS,Chennai,01/05/2024,Twenty20
TM Head, Abhishek Sharma,171,out,1st,SRH,PBKS,Hyderabad,12/04/2025,Twenty20
V Suryavanshi, YBK Jaiswal,166,out,1st,RR,GT,Jaipur,28/04/2025,Twenty20
Prabhsimran Singh, P Arya,122,out,1st,PBKS,DC,Dharamsala,08/05/2025,Twenty20
Shubman Gill, B Sai Sudharsan,120,out,1st,GT,LSG,Lucknow,12/04/2025,Twenty20
Prabhsimran Singh, P Arya,120,out,1st,PBKS,KKR,Eden Gardens,26/04/2025,Twenty20
KK Nair, Abishek Porel,119,out,2nd,DC,MI,Delhi,13/04/2025,Twenty20
SE Rutherford, JC Buttler,119,out,3rd,GT,DC,Ahmedabad,19/04/2025,Twenty20
KH Pandya, V Kohli,119,out,4th,RCB,DC,Delhi,27/04/2025,Twenty20
N Pooran, MR Marsh,116,out,2nd,LSG,SRH,Hyderabad,27/03/2025,Twenty20
RG Sharma, RD Rickelton,116,out,1st,MI,RR,Jaipur,01/05/2025,Twenty20
SA Yadav, RG Sharma,114,not out,2nd,MI,CSK,Wankhede,20/04/2025,Twenty20
Shubman Gill, B Sai Sudharsan,114,out,1st,GT,KKR,Eden Gardens,21/04/2025,Twenty20
A Mhatre, RA Jadeja,114,out,3rd,CSK,RCB,Bengaluru,03/05/2025,Twenty20
T Stubbs, KL Rahul,111,not out,5th,DC,RCB,Bengaluru,10/04/2025,Twenty20
SV Samson, DC Jurel,111,out,4th,RR,SRH,Hyderabad,23/03/2025,Twenty20
AM Rahane, SP Narine,103,out,2nd,KKR,RCB,Eden Gardens,22/03/2025,Twenty20
D Padikkal, V Kohli,103,out,2nd,RCB,PBKS,Mullanpur,20/04/2025,Twenty20
MR Marsh, AK Markram,99,out,1st,LSG,KKR,Eden Gardens,08/04/2025,Twenty20
A Manohar, H Klaasen,99,out,6th,SRH,MI,Hyderabad,23/04/2025,Twenty20
V Kohli, JG Bethell,97,out,1st,RCB,CSK,Bengaluru,03/05/2025,Twenty20
PD Salt, V Kohli,95,out,1st,RCB,KKR,Eden Gardens,22/03/2025,Twenty20
D Padikkal, V Kohli,95,out,2nd,RCB,RR,Bengaluru,24/04/2025,Twenty20
SA Yadav, HH Pandya,94,not out,3rd,MI,RR,Jaipur,01/05/2025,Twenty20
Shubman Gill, B Sai Sudharsan,93,out,1st,GT,RR,Jaipur,28/04/2025,Twenty20
PD Salt, V Kohli,92,out,1st,RCB,RR,Jaipur,13/04/2025,Twenty20
R Parag, SO Hetmyer,92,out,6th,RR,KKR,Eden Gardens,04/05/2025,Twenty20
RK Singh, VR Iyer,91,out,5th,KKR,SRH,Eden Gardens,03/04/2025,Twenty20
D Padikkal, V Kohli,91,out,2nd,RCB,MI,Wankhede,07/04/2025,Twenty20
Washington Sundar, Shubman Gill,90,out,3rd,GT,SRH,Hyderabad,06/04/2025,Twenty20
SV Samson, YBK Jaiswal,89,out,1st,RR,PBKS,Mullanpur,05/04/2025,Twenty20
NT Tilak Varma, HH Pandya,89,out,5th,MI,RCB,Wankhede,07/04/2025,Twenty20
S Dube, DP Conway,89,out,3rd,CSK,PBKS,Mullanpur,08/04/2025,Twenty20
N Wadhera, GJ Maxwell,88,out,5th,PBKS,RR,Mullanpur,05/04/2025,Twenty20
N Pooran, MR Marsh,87,out,2nd,LSG,DC,Visakhapatnam,24/03/2025,Twenty20
MR Marsh, AK Markram,87,out,1st,LSG,DC,Lucknow,22/04/2025,Twenty20
Shubman Gill, B Sai Sudharsan,87,out,1st,GT,SRH,Ahmedabad,02/05/2025,Twenty20
Ishan Kishan, TM Head,85,out,2nd,SRH,RR,Hyderabad,23/03/2025,Twenty20
V Suryavanshi, YBK Jaiswal,85,out,1st,RR,LSG,Jaipur,19/04/2025,Twenty20
V Shankar, MS Dhoni,84,not out,6th,CSK,DC,Chennai,05/04/2025,Twenty20
B Sai Sudharsan, JC Buttler,84,out,2nd,GT,PBKS,Ahmedabad,25/03/2025,Twenty20
Prabhsimran Singh, SS Iyer,84,out,2nd,PBKS,LSG,Lucknow,01/04/2025,Twenty20
A Raghuvanshi, Q de Kock,83,not out,3rd,KKR,RR,Guwahati,26/03/2025,Twenty20
D Padikkal, V Kohli,83,not out,2nd,RCB,RR,Jaipur,13/04/2025,Twenty20
SV Samson, N Rana,82,out,2nd,RR,CSK,Guwahati,30/03/2025,Twenty20
Shashank Singh, SS Iyer,81,not out,6th,PBKS,GT,Ahmedabad,25/03/2025,Twenty20
J Fraser-McGurk, F du Plessis,81,out,1st,DC,SRH,Visakhapatnam,30/03/2025,Twenty20
AM Rahane, A Raghuvanshi,81,out,3rd,KKR,SRH,Eden Gardens,03/04/2025,Twenty20
A Badoni, Abdul Samad,81,out,6th,LSG,PBKS,Dharamsala,04/05/2025,Twenty20
SO Hetmyer, SB Dubey,80,out,6th,RR,SRH,Hyderabad,23/03/2025,Twenty20
B Sai Sudharsan, JC Buttler,80,out,2nd,GT,RR,Ahmedabad,09/04/2025,Twenty20
RA Jadeja, S Dube,79,out,4th,CSK,MI,Wankhede,20/04/2025,Twenty20
Shubman Gill, B Sai Sudharsan,78,out,1st,GT,MI,Ahmedabad,29/03/2025,Twenty20
SM Curran, D Brevis,78,out,4th,CSK,PBKS,Chennai,30/04/2025,Twenty20
Prabhsimran Singh, SS Iyer,78,out,3rd,PBKS,LSG,Dharamsala,04/05/2025,Twenty20
AU Verma, H Klaasen,77,out,5th,SRH,DC,Visakhapatnam,30/03/2025,Twenty20
MR Marsh, AK Markram,76,out,1st,LSG,MI,Lucknow,04/04/2025,Twenty20
AK Markram, A Badoni,76,out,4th,LSG,RR,Jaipur,19/04/2025,Twenty20
AR Patel, F du Plessis,76,out,4th,DC,KKR,Delhi,29/04/2025,Twenty20
B Sai Sudharsan, JC Buttler,75,out,2nd,GT,RCB,Bengaluru,02/04/2025,Twenty20
Shubman Gill, JC Buttler,74,out,2nd,GT,RR,Jaipur,28/04/2025,Twenty20
N Wadhera, SS Iyer,73,out,3rd,PBKS,SRH,Hyderabad,12/04/2025,Twenty20
K Nitish Kumar Reddy, Ishan Kishan,72,out,3rd,SRH,RR,Hyderabad,23/03/2025,Twenty20
Prabhsimran Singh, SS Iyer,72,out,2nd,PBKS,CSK,Chennai,30/04/2025,Twenty20
Shubman Gill, JC Buttler,72,out,2nd,GT,MI,Wankhede,06/05/2025,Twenty20
N Pooran, MR Marsh,71,out,2nd,LSG,KKR,Eden Gardens,08/04/2025,Twenty20
AM Rahane, VR Iyer,71,out,3rd,KKR,LSG,Eden Gardens,08/04/2025,Twenty20
Shashank Singh, P Arya,71,out,6th,PBKS,CSK,Mullanpur,08/04/2025,Twenty20
SA Yadav, WG Jacks,71,out,3rd,MI,GT,Wankhede,06/05/2025,Twenty20
SA Yadav, Naman Dhir,69,out,3rd,MI,LSG,Lucknow,04/04/2025,Twenty20
JM Sharma, RM Patidar,69,out,5th,RCB,MI,Wankhede,07/04/2025,Twenty20
KL Rahul, Abishek Porel,69,out,2nd,DC,LSG,Lucknow,22/04/2025,Twenty20
N Wadhera, SS Iyer,67,not out,3rd,PBKS,LSG,Lucknow,01/04/2025,Twenty20
R Ravindra, RD Gaikwad,67,out,2nd,CSK,MI,Chennai,23/03/2025,Twenty20
S Dube, D Brevis,67,out,6th,CSK,KKR,Eden Gardens,07/05/2025,Twenty20
SA Yadav, NT Tilak Varma,66,out,4th,MI,LSG,Lucknow,04/04/2025,Twenty20
Prabhsimran Singh, P Arya,66,out,1st,PBKS,SRH,Hyderabad,12/04/2025,Twenty20
T Stubbs, AR Sharma,66,out,7th,DC,SRH,Hyderabad,05/05/2025,Twenty20
Shashank Singh, M Jansen,65,not out,7th,PBKS,CSK,Mullanpur,08/04/2025,Twenty20
RR Pant, AK Markram,65,out,1st,LSG,GT,Lucknow,12/04/2025,Twenty20
RG Sharma, WG Jacks,64,out,2nd,MI,SRH,Hyderabad,23/04/2025,Twenty20
SE Rutherford, JC Buttler,63,not out,3rd,GT,RCB,Bengaluru,02/04/2025,Twenty20
KL Rahul, Abishek Porel,63,out,3rd,DC,RR,Delhi,16/04/2025,Twenty20
RG Sharma, RD Rickelton,63,out,1st,MI,CSK,Wankhede,20/04/2025,Twenty20
SA Yadav, NT Tilak Varma,62,out,3rd,MI,GT,Ahmedabad,29/03/2025,Twenty20
M Shahrukh Khan, B Sai Sudharsan,62,out,3rd,GT,RR,Ahmedabad,09/04/2025,Twenty20
NT Tilak Varma, Naman Dhir,62,out,5th,MI,DC,Delhi,13/04/2025,Twenty20
R Parag, YBK Jaiswal,62,out,3rd,RR,LSG,Jaipur,19/04/2025,Twenty20
Shubman Gill, JC Buttler,62,out,2nd,GT,SRH,Ahmedabad,02/05/2025,Twenty20
SV Samson, YBK Jaiswal,61,not out,1st,RR,DC,Delhi,16/04/2025,Twenty20
Shubman Gill, B Sai Sudharsan,61,out,1st,GT,PBKS,Ahmedabad,25/03/2025,Twenty20
K Nitish Kumar Reddy, TM Head,61,out,3rd,SRH,LSG,Hyderabad,27/03/2025,Twenty20
R Ravindra, DP Conway,61,out,1st,CSK,PBKS,Mullanpur,08/04/2025,Twenty20
PD Salt, V Kohli,61,out,1st,RCB,DC,Bengaluru,10/04/2025,Twenty20
PD Salt, V Kohli,61,out,1st,RCB,RR,Bengaluru,24/04/2025,Twenty20
RK Singh, A Raghuvanshi,61,out,5th,KKR,DC,Delhi,29/04/2025,Twenty20
AD Russell, A Raghuvanshi,61,out,4th,KKR,RR,Eden Gardens,04/05/2025,Twenty20
SA Yadav, NT Tilak Varma,60,out,3rd,MI,DC,Delhi,13/04/2025,Twenty20
B Sai Sudharsan, JC Buttler,60,out,2nd,GT,DC,Ahmedabad,19/04/2025,Twenty20
TM Head, Abhishek Sharma,59,out,1st,SRH,MI,Wankhede,17/04/2025,Twenty20
N Pooran, AK Markram,58,out,2nd,LSG,GT,Lucknow,12/04/2025,Twenty20